
<model key="XR4caTYTYWwjyzv3BE9s5x9S4CEHi9lO" name="Controls" description="" userIdFieldType="USER_ID" defaultDataSourceKey="XR4caTYTYWwjyzv3BE9s5x9S4CEHi9lO_default" type="SPECKLE" ON_CREATEinheritsFromModel="true" ON_LOADinheritsFromModel="true" ON_SAVEinheritsFromModel="true" ON_DELETEinheritsFromModel="true" view="false" primaryKeyColumn="GiaCNWi9UBkVLXbm" speckleInstance="" table="Controls">
	<modelPermission modelPermission="model_permission" groupKeys="Users" active="true" adminAccess="true"/>
	<field displayName="Control ID" autoIncrement="true" description="" sortable="true" integer="false" type="Number" repeated="false" allowedFilterOperators="LT,LTE,EQ,GTE,GT,IN,NOT_IN,NE" required="false" writableAfterSave="false" sqlType="INT" unique="false" name="ControlID" unsigned="false" calculated="false" foreignKey="false" key="GiaCNWi9UBkVLXbm" columnName="ControlID"/>
	<field displayName="Risk ID" autoIncrement="false" description="" sortable="true" integer="false" type="Number" repeated="false" allowedFilterOperators="LT,LTE,EQ,GTE,GT,IN,NOT_IN,NE" required="true" writableAfterSave="true" sqlType="INT" unique="false" name="RiskID" unsigned="false" calculated="false" foreignKey="false" key="bADlUYYZ8wMlW345" columnName="RiskID"/>
	<field displayName="Creation Date" autoIncrement="false" description="" sortable="true" type="Date" repeated="false" allowedFilterOperators="LT,LTE,EQ,GTE,GT,IN,NOT_IN,NE" required="true" writableAfterSave="true" sqlType="TIMESTAMP" unique="false" name="CreationDate" unsigned="false" calculated="false" foreignKey="false" key="ahSTENdUXNNtY7uW" columnName="CreationDate"/>
	<field sqlTypeColumnSize="255" displayName="Control Description" autoIncrement="false" minLength="1.0" description="" sortable="true" type="String" repeated="false" allowedFilterOperators="LT,LTE,EQ,GTE,GT,STARTS_WITH,IN,NOT_IN,NE,NOT_STARTS_WITH,CONTAINS,NOT_CONTAINS" required="true" writableAfterSave="true" sqlType="VARCHAR" unique="false" name="ControlDescription" unsigned="false" calculated="false" foreignKey="false" key="KphskrkPGhYfPG9K" maxLength="255.0" columnName="ControlDescription"/>
	<field sqlTypeColumnSize="255" displayName="GPM" autoIncrement="false" minLength="1.0" description="" sortable="true" type="String" repeated="false" allowedFilterOperators="LT,LTE,EQ,GTE,GT,STARTS_WITH,IN,NOT_IN,NE,NOT_STARTS_WITH,CONTAINS,NOT_CONTAINS" required="true" writableAfterSave="true" sqlType="VARCHAR" unique="false" name="GPM" unsigned="false" calculated="false" foreignKey="false" key="SMTDp7kQuGbbzHTV" columnName="GPM"/>
	<field sqlTypeColumnSize="255" displayName="Control Owner" autoIncrement="false" minLength="1.0" description="" sortable="true" type="String" repeated="false" allowedFilterOperators="LT,LTE,EQ,GTE,GT,STARTS_WITH,IN,NOT_IN,NE,NOT_STARTS_WITH,CONTAINS,NOT_CONTAINS" required="true" writableAfterSave="true" sqlType="VARCHAR" unique="false" name="ControlOwner" unsigned="false" calculated="false" foreignKey="false" key="tdO9m8vkCUIKTGEA" columnName="ControlOwner"/>
	<field sqlTypeColumnSize="255" displayName="Control Category" autoIncrement="false" minLength="1.0" description="" sortable="true" type="String" repeated="false" allowedFilterOperators="LT,LTE,EQ,GTE,GT,STARTS_WITH,IN,NOT_IN,NE,NOT_STARTS_WITH,CONTAINS,NOT_CONTAINS" required="true" writableAfterSave="true" sqlType="VARCHAR" unique="false" name="ControlCategory" unsigned="false" calculated="false" foreignKey="false" key="k2qxv31kDoW1BPnN" columnName="ControlCategory"/>
	<field sqlTypeColumnSize="255" displayName="Control Sub Category" autoIncrement="false" minLength="1.0" description="" sortable="true" type="String" repeated="false" allowedFilterOperators="LT,LTE,EQ,GTE,GT,STARTS_WITH,IN,NOT_IN,NE,NOT_STARTS_WITH,CONTAINS,NOT_CONTAINS" required="true" writableAfterSave="true" sqlType="VARCHAR" unique="false" name="ControlSubCategory" unsigned="false" calculated="false" foreignKey="false" key="fSIRAd2cu6lmwjsR" columnName="ControlSubCategory"/>
	<field sqlTypeColumnSize="255" displayName="Control Type" autoIncrement="false" minLength="1.0" description="" sortable="true" type="String" repeated="false" allowedFilterOperators="LT,LTE,EQ,GTE,GT,STARTS_WITH,IN,NOT_IN,NE,NOT_STARTS_WITH,CONTAINS,NOT_CONTAINS" required="true" writableAfterSave="true" sqlType="VARCHAR" unique="false" name="ControlType" unsigned="false" calculated="false" foreignKey="false" key="4UD9HJ7qdSQ0ZDeX" columnName="ControlType">
		<possibleValues>
			<value>Preventive</value>
			<value>Detective</value>
		</possibleValues>
	</field>
	<field sqlTypeColumnSize="255" displayName="Control Classification" autoIncrement="false" minLength="1.0" description="" sortable="true" type="String" repeated="false" allowedFilterOperators="LT,LTE,EQ,GTE,GT,STARTS_WITH,IN,NOT_IN,NE,NOT_STARTS_WITH,CONTAINS,NOT_CONTAINS" required="true" writableAfterSave="true" sqlType="VARCHAR" unique="false" name="ControlClassification" unsigned="false" calculated="false" foreignKey="false" key="mZ8Nynvdyg8nv5EI" columnName="ControlClassification"/>
	<field sqlTypeColumnSize="255" displayName="Control Operation" autoIncrement="false" minLength="1.0" description="" sortable="true" type="String" repeated="false" allowedFilterOperators="LT,LTE,EQ,GTE,GT,STARTS_WITH,IN,NOT_IN,NE,NOT_STARTS_WITH,CONTAINS,NOT_CONTAINS" required="true" writableAfterSave="true" sqlType="VARCHAR" unique="false" name="ControlOperation" unsigned="false" calculated="false" foreignKey="false" key="j7eZjD5ljHFFRDLX" columnName="ControlOperation"/>
	<field sqlTypeColumnSize="255" displayName="Control Frequency" autoIncrement="false" minLength="1.0" description="" sortable="true" type="String" repeated="false" allowedFilterOperators="LT,LTE,EQ,GTE,GT,STARTS_WITH,IN,NOT_IN,NE,NOT_STARTS_WITH,CONTAINS,NOT_CONTAINS" required="true" writableAfterSave="true" sqlType="VARCHAR" unique="false" name="ControlFrequency" unsigned="false" calculated="false" foreignKey="false" key="Oe9x1vBgxJnHLKyy" columnName="ControlFrequency">
		<possibleValues>
			<value>Daily</value>
			<value>Weekly</value>
			<value>Monthly</value>
			<value>Quarterly</value>
			<value>Annally</value>
			<value>Ad-hoc/As Needed</value>
		</possibleValues>
	</field>
	<field sqlTypeColumnSize="255" displayName="Control Significance" autoIncrement="false" minLength="1.0" description="" sortable="true" type="String" repeated="false" allowedFilterOperators="LT,LTE,EQ,GTE,GT,STARTS_WITH,IN,NOT_IN,NE,NOT_STARTS_WITH,CONTAINS,NOT_CONTAINS" required="true" writableAfterSave="true" sqlType="VARCHAR" unique="false" name="ControlSignificance" unsigned="false" calculated="false" foreignKey="false" key="UkCEbEeDr7pfhVTM" columnName="ControlSignificance"/>
	<field sqlTypeColumnSize="255" displayName="Control Documentation" autoIncrement="false" minLength="1.0" description="" sortable="true" type="String" repeated="false" allowedFilterOperators="LT,LTE,EQ,GTE,GT,STARTS_WITH,IN,NOT_IN,NE,NOT_STARTS_WITH,CONTAINS,NOT_CONTAINS" required="true" writableAfterSave="true" sqlType="VARCHAR" unique="false" name="ControlDocumentation" unsigned="false" calculated="false" foreignKey="false" key="1h5Zftoy5Jnj8Wal" columnName="ControlDocumentation"/>
	<field sqlTypeColumnSize="255" displayName="Design Effectiveness" autoIncrement="false" minLength="1.0" description="" sortable="true" type="String" repeated="false" allowedFilterOperators="LT,LTE,EQ,GTE,GT,STARTS_WITH,IN,NOT_IN,NE,NOT_STARTS_WITH,CONTAINS,NOT_CONTAINS" required="true" writableAfterSave="true" sqlType="VARCHAR" unique="false" name="DesignEffectiveness" unsigned="false" calculated="false" foreignKey="false" key="1WBBhUEdNVUZEfFj" columnName="DesignEffectiveness">
		<possibleValues>
			<value>High</value>
			<value>Medium</value>
			<value>Low</value>
		</possibleValues>
	</field>
	<field sqlTypeColumnSize="255" displayName="Operational Effectiveness" autoIncrement="false" minLength="1.0" description="" sortable="true" type="String" repeated="false" allowedFilterOperators="LT,LTE,EQ,GTE,GT,STARTS_WITH,IN,NOT_IN,NE,NOT_STARTS_WITH,CONTAINS,NOT_CONTAINS" required="true" writableAfterSave="true" sqlType="VARCHAR" unique="false" name="OperationalEffectiveness" unsigned="false" calculated="false" foreignKey="false" key="lpnLkGe4oYk4yKrE" columnName="OperationalEffectiveness">
		<possibleValues>
			<value>High</value>
			<value>Medium</value>
			<value>Low</value>
		</possibleValues>
	</field>
	<field sqlTypeColumnSize="255" displayName="Control Effectiveness" autoIncrement="false" minLength="1.0" description="" sortable="true" type="String" repeated="false" allowedFilterOperators="LT,LTE,EQ,GTE,GT,STARTS_WITH,IN,NOT_IN,NE,NOT_STARTS_WITH,CONTAINS,NOT_CONTAINS" required="true" writableAfterSave="true" sqlType="VARCHAR" unique="false" name="ControlEffectiveness" unsigned="false" calculated="false" foreignKey="false" key="RFlG4i0cPddo2dyE" columnName="ControlEffectiveness">
		<possibleValues>
			<value>Low</value>
			<value>Medium</value>
			<value>High</value>
		</possibleValues>
	</field>
	<field sqlTypeColumnSize="255" displayName="Reactivity" autoIncrement="false" minLength="0.0" description="" sortable="true" type="String" repeated="false" allowedFilterOperators="LT,LTE,EQ,GTE,GT,STARTS_WITH,IN,NOT_IN,NE,NOT_STARTS_WITH,CONTAINS,NOT_CONTAINS" required="false" writableAfterSave="true" sqlType="VARCHAR" unique="false" name="Reactivity" unsigned="false" calculated="false" foreignKey="false" key="oTHtMYrdtPMXewZa" columnName="Reactivity"/>
	<field sqlTypeColumnSize="255" displayName="Operation Type" autoIncrement="false" minLength="0.0" description="" sortable="true" type="String" repeated="false" allowedFilterOperators="LT,LTE,EQ,GTE,GT,STARTS_WITH,IN,NOT_IN,NE,NOT_STARTS_WITH,CONTAINS,NOT_CONTAINS" required="false" writableAfterSave="true" sqlType="VARCHAR" unique="false" name="OperationType" unsigned="false" calculated="false" foreignKey="false" key="yaI3fDw3w3Z8w41T" columnName="OperationType"/>
	<field sqlTypeColumnSize="255" displayName="Design Adequacy Rating" autoIncrement="false" minLength="0.0" description="" sortable="true" type="String" repeated="false" allowedFilterOperators="LT,LTE,EQ,GTE,GT,STARTS_WITH,IN,NOT_IN,NE,NOT_STARTS_WITH,CONTAINS,NOT_CONTAINS" required="false" writableAfterSave="true" sqlType="VARCHAR" unique="false" name="DesignAdequacyRating" unsigned="false" calculated="false" foreignKey="false" key="87phX9BlCKFyzwAT" columnName="DesignAdequacyRating"/>
	<permission event="ON_CREATE"/>
	<permission event="ON_LOAD"/>
	<permission event="ON_SAVE"/>
	<permission event="ON_DELETE"/>
	<dataSource key="XR4caTYTYWwjyzv3BE9s5x9S4CEHi9lO_default" name="ControlsByRiskID" type="QUERY" scope="UNSCOPED" modelKey="XR4caTYTYWwjyzv3BE9s5x9S4CEHi9lO" pageSize="100" customQuery="" where="RiskID = :RiskID" isDraft="false" sortAsc="true" autoLoad="false">
		<parameters>
			<property name="RiskID" type="Number" isNull="true"/>
		</parameters>
		<wherePathMapping namePath="RiskID" keyPath="bADlUYYZ8wMlW345"/>
		<binding sourceExpression="query.parameters.RiskID" targetExpression="@datasources.sgT5TBwyTK6KKcuWMuVbI4RZmO4qIEy5_default.item ? @datasources.sgT5TBwyTK6KKcuWMuVbI4RZmO4qIEy5_default.item.BdUNCRQI3rdao0mY : null" targetLiteralExpression="@datasources.RiskDriverByProcessId.item ? @datasources.RiskDriverByProcessId.item.RiskID : null"/>
	</dataSource>
</model>