
<model key="E83QU96kiatBLAgpoq9CEAQDRVCJQizI" name="Gaps" description="" userIdFieldType="USER_ID" defaultDataSourceKey="E83QU96kiatBLAgpoq9CEAQDRVCJQizI_default" type="SPECKLE" ON_CREATEinheritsFromModel="true" ON_LOADinheritsFromModel="true" ON_SAVEinheritsFromModel="true" ON_DELETEinheritsFromModel="true" view="false" primaryKeyColumn="bfuhveZmXL3Rzon5" speckleInstance="" table="Gaps">
	<modelPermission modelPermission="model_permission" groupKeys="Users" active="true" adminAccess="true"/>
	<field displayName="Gap Id" autoIncrement="true" description="" sortable="true" integer="false" type="Number" repeated="false" allowedFilterOperators="LT,LTE,EQ,GTE,GT,IN,NOT_IN,NE" required="false" writableAfterSave="false" sqlType="INT" unique="false" name="GapId" unsigned="false" calculated="false" foreignKey="false" key="bfuhveZmXL3Rzon5" columnName="GapId"/>
	<field displayName="Control Id" autoIncrement="false" description="" sortable="true" integer="false" type="Number" repeated="false" allowedFilterOperators="LT,LTE,EQ,GTE,GT,IN,NOT_IN,NE" required="true" writableAfterSave="true" sqlType="INT" unique="false" name="ControlId" unsigned="false" calculated="false" foreignKey="false" key="2Uc1etx39DWtVdw4" columnName="ControlId"/>
	<field sqlTypeColumnSize="255" displayName="Gap Description" autoIncrement="false" minLength="1.0" description="" sortable="true" type="String" repeated="false" allowedFilterOperators="LT,LTE,EQ,GTE,GT,STARTS_WITH,IN,NOT_IN,NE,NOT_STARTS_WITH,CONTAINS,NOT_CONTAINS" required="true" writableAfterSave="true" sqlType="VARCHAR" unique="false" name="GapRiskStatement" unsigned="false" calculated="false" foreignKey="false" key="4vfTTPiMT5rXislY" maxLength="255.0" columnName="GapRiskStatement"/>
	<field sqlTypeColumnSize="255" displayName="Gap Severity" autoIncrement="false" minLength="1.0" description="" sortable="true" type="String" repeated="false" allowedFilterOperators="LT,LTE,EQ,GTE,GT,STARTS_WITH,IN,NOT_IN,NE,NOT_STARTS_WITH,CONTAINS,NOT_CONTAINS" required="true" writableAfterSave="true" sqlType="VARCHAR" unique="false" name="GapSeverity" unsigned="false" calculated="false" foreignKey="false" key="6VBZN2oWENIVZLAS" columnName="GapSeverity">
		<possibleValues>
			<value>High</value>
			<value>Medium</value>
			<value>Low</value>
		</possibleValues>
	</field>
	<field sqlTypeColumnSize="255" displayName="Gap Type" autoIncrement="false" minLength="1.0" description="" sortable="true" type="String" repeated="false" allowedFilterOperators="LT,LTE,EQ,GTE,GT,STARTS_WITH,IN,NOT_IN,NE,NOT_STARTS_WITH,CONTAINS,NOT_CONTAINS" required="true" writableAfterSave="true" sqlType="VARCHAR" unique="false" name="GapType" unsigned="false" calculated="false" foreignKey="false" key="VyCu6wC74EwUdiur" columnName="GapType"/>
	<field sqlTypeColumnSize="255" displayName="Gap Description" autoIncrement="false" minLength="1.0" description="" sortable="true" type="String" repeated="false" allowedFilterOperators="LT,LTE,EQ,GTE,GT,STARTS_WITH,IN,NOT_IN,NE,NOT_STARTS_WITH,CONTAINS,NOT_CONTAINS" required="true" writableAfterSave="true" sqlType="VARCHAR" unique="false" name="GapDescription" unsigned="false" calculated="false" foreignKey="false" key="Omzhduo78AAvzGMB" columnName="GapDescription"/>
	<field sqlTypeColumnSize="255" displayName="Risk Treatment Plan" autoIncrement="false" minLength="1.0" description="" sortable="true" type="String" repeated="false" allowedFilterOperators="LT,LTE,EQ,GTE,GT,STARTS_WITH,IN,NOT_IN,NE,NOT_STARTS_WITH,CONTAINS,NOT_CONTAINS" required="true" writableAfterSave="true" sqlType="VARCHAR" unique="false" name="RiskTreatmentPlan" unsigned="false" calculated="false" foreignKey="false" key="ASNAtFo1mdT2vqsc" columnName="RiskTreatmentPlan">
		<possibleValues>
			<value>Remediate with Milestone Plan</value>
			<value>Remediate without Milestone Plan</value>
			<value>Risk Accept</value>
		</possibleValues>
	</field>
	<field sqlTypeColumnSize="255" displayName="Gap Remediation Plan" autoIncrement="false" minLength="0.0" description="" sortable="true" type="String" repeated="false" allowedFilterOperators="LT,LTE,EQ,GTE,GT,STARTS_WITH,IN,NOT_IN,NE,NOT_STARTS_WITH,CONTAINS,NOT_CONTAINS" required="false" writableAfterSave="true" sqlType="VARCHAR" unique="false" name="GapRemediationPlan" unsigned="false" calculated="false" foreignKey="false" key="yUYz2gAcEyyRFXd0" columnName="GapRemediationPlan"/>
	<field sqlTypeColumnSize="255" displayName="Gap Root Cause" autoIncrement="false" minLength="1.0" description="" sortable="true" type="String" repeated="false" allowedFilterOperators="LT,LTE,EQ,GTE,GT,STARTS_WITH,IN,NOT_IN,NE,NOT_STARTS_WITH,CONTAINS,NOT_CONTAINS" required="true" writableAfterSave="true" sqlType="VARCHAR" unique="false" name="GapRootCause" unsigned="false" calculated="false" foreignKey="false" key="TNtyapBDs9JTKs4L" columnName="GapRootCause"/>
	<field sqlTypeColumnSize="255" displayName="Gap Identification Source" autoIncrement="false" minLength="1.0" description="" sortable="true" type="String" repeated="false" allowedFilterOperators="LT,LTE,EQ,GTE,GT,STARTS_WITH,IN,NOT_IN,NE,NOT_STARTS_WITH,CONTAINS,NOT_CONTAINS" required="true" writableAfterSave="true" sqlType="VARCHAR" unique="false" name="GapIdentificationSource" unsigned="false" calculated="false" foreignKey="false" key="ztH5r8m0kWrtKfVT" columnName="GapIdentificationSource"/>
	<field displayName="Gap Identification Date" autoIncrement="false" description="" sortable="true" type="Date" repeated="false" allowedFilterOperators="LT,LTE,EQ,GTE,GT,IN,NOT_IN,NE" required="true" writableAfterSave="true" sqlType="TIMESTAMP" unique="false" name="GapIdentificationDate" unsigned="false" calculated="false" foreignKey="false" key="FmW2XUsIHREzHsmA" columnName="GapIdentificationDate"/>
	<field displayName="Remediation Date" autoIncrement="false" description="" sortable="true" type="Date" repeated="false" allowedFilterOperators="LT,LTE,EQ,GTE,GT,IN,NOT_IN,NE" required="false" writableAfterSave="true" sqlType="TIMESTAMP" unique="false" name="RemediationDate" unsigned="false" calculated="false" foreignKey="false" key="G6uKYdVEfyVn5ogX" columnName="RemediationDate"/>
	<field displayName="Assertion Date" autoIncrement="false" description="" sortable="true" type="Date" repeated="false" allowedFilterOperators="LT,LTE,EQ,GTE,GT,IN,NOT_IN,NE" required="false" writableAfterSave="true" sqlType="TIMESTAMP" unique="false" name="AssertionDate" unsigned="false" calculated="false" foreignKey="false" key="moMiNhvArxuLBlv5" columnName="AssertionDate"/>
	<field sqlTypeColumnSize="255" displayName="Entered By" autoIncrement="false" minLength="1.0" description="" sortable="true" type="String" repeated="false" allowedFilterOperators="LT,LTE,EQ,GTE,GT,STARTS_WITH,IN,NOT_IN,NE,NOT_STARTS_WITH,CONTAINS,NOT_CONTAINS" required="true" writableAfterSave="true" sqlType="VARCHAR" unique="false" name="EnteredBy" unsigned="false" calculated="false" foreignKey="false" key="A7BJ7rC6iwgtJhVr" columnName="EnteredBy"/>
	<field sqlTypeColumnSize="255" displayName="Responsible" autoIncrement="false" minLength="1.0" description="" sortable="true" type="String" repeated="false" allowedFilterOperators="LT,LTE,EQ,GTE,GT,STARTS_WITH,IN,NOT_IN,NE,NOT_STARTS_WITH,CONTAINS,NOT_CONTAINS" required="true" writableAfterSave="true" sqlType="VARCHAR" unique="false" name="Responsible" unsigned="false" calculated="false" foreignKey="false" key="hmZmyMPVH0zNVP7s" columnName="Responsible"/>
	<field sqlTypeColumnSize="255" displayName="Accountable" autoIncrement="false" minLength="1.0" description="" sortable="true" type="String" repeated="false" allowedFilterOperators="LT,LTE,EQ,GTE,GT,STARTS_WITH,IN,NOT_IN,NE,NOT_STARTS_WITH,CONTAINS,NOT_CONTAINS" required="true" writableAfterSave="true" sqlType="VARCHAR" unique="false" name="Accountable" unsigned="false" calculated="false" foreignKey="false" key="wTpcu9gXR7M2Jn81" columnName="Accountable"/>
	<field sqlTypeColumnSize="1" displayName="Repeat Failure" autoIncrement="false" description="" sortable="true" type="Boolean" repeated="false" allowedFilterOperators="EQ,IN,NOT_IN,NE" required="true" writableAfterSave="true" sqlType="TINYINT" unique="false" name="RepeatFailure" unsigned="false" calculated="false" foreignKey="false" key="Fn3jK46I8KVpbjyh" columnName="RepeatFailure">
		<defaultValue>
			<value>false</value>
		</defaultValue>
	</field>
	<field sqlTypeColumnSize="255" displayName="Consulted" autoIncrement="false" minLength="1.0" description="" sortable="true" type="String" repeated="false" allowedFilterOperators="LT,LTE,EQ,GTE,GT,STARTS_WITH,IN,NOT_IN,NE,NOT_STARTS_WITH,CONTAINS,NOT_CONTAINS" required="true" writableAfterSave="true" sqlType="VARCHAR" unique="false" name="Consulted" unsigned="false" calculated="false" foreignKey="false" key="msarNhWcXyHMQMzg" columnName="Consulted"/>
	<field sqlTypeColumnSize="255" displayName="Informed" autoIncrement="false" minLength="0.0" description="" sortable="true" type="String" repeated="false" allowedFilterOperators="LT,LTE,EQ,GTE,GT,STARTS_WITH,IN,NOT_IN,NE,NOT_STARTS_WITH,CONTAINS,NOT_CONTAINS" required="false" writableAfterSave="true" sqlType="VARCHAR" unique="false" name="Informed" unsigned="false" calculated="false" foreignKey="false" key="ievlauEkogobMnxr" columnName="Informed"/>
	<field sqlTypeColumnSize="255" displayName="Gap Status" autoIncrement="false" minLength="1.0" description="" sortable="true" type="String" repeated="false" allowedFilterOperators="LT,LTE,EQ,GTE,GT,STARTS_WITH,IN,NOT_IN,NE,NOT_STARTS_WITH,CONTAINS,NOT_CONTAINS" required="true" writableAfterSave="true" sqlType="VARCHAR" unique="false" name="GapStatus" unsigned="false" calculated="false" foreignKey="false" key="nJzMHU5NjmZTxzr8" columnName="GapStatus">
		<possibleValues>
			<value>Remediation not Started</value>
			<value>Remediation on Track</value>
			<value>Remediation at Risk</value>
			<value>Remediation Past Due</value>
			<value>Remediated - Pending Validation</value>
			<value>Validated Pending Review</value>
			<value>Validated and Closed</value>
			<value>Failed and Closed</value>
			<value>Risk Accepted</value>
		</possibleValues>
	</field>
	<field displayName="Controls Fk" autoIncrement="false" description="" sortable="true" integer="false" type="Number" repeated="false" allowedFilterOperators="LT,LTE,EQ,GTE,GT,IN,NOT_IN,NE" required="false" writableAfterSave="true" sqlType="INT" unique="false" name="controls_fk" unsigned="false" calculated="false" foreignKey="true" key="KZk26dGSBbFmj7pH" columnName="controls_fk"/>
	<field displayName="Date Added" autoIncrement="false" description="" sortable="true" type="Date" repeated="false" allowedFilterOperators="LT,LTE,EQ,GTE,GT,IN,NOT_IN,NE" required="false" writableAfterSave="true" sqlType="DATETIME" unique="false" name="DateAdded" unsigned="false" calculated="false" foreignKey="false" key="mWOB8Or8WqVlumZM" columnName="DateAdded"/>
	<field sqlTypeColumnSize="255" displayName="Gap Risk Category" autoIncrement="false" minLength="0.0" description="" sortable="true" type="String" repeated="false" allowedFilterOperators="LT,LTE,EQ,GTE,GT,STARTS_WITH,IN,NOT_IN,NE,NOT_STARTS_WITH,CONTAINS,NOT_CONTAINS" required="false" writableAfterSave="true" sqlType="VARCHAR" unique="false" name="GapRiskCategory" unsigned="false" calculated="false" foreignKey="false" key="LSoR3lKVBaTjFk8n" columnName="GapRiskCategory"/>
	<field sqlTypeColumnSize="255" displayName="Gap Risk Rating" autoIncrement="false" minLength="0.0" description="" sortable="true" type="String" repeated="false" allowedFilterOperators="LT,LTE,EQ,GTE,GT,STARTS_WITH,IN,NOT_IN,NE,NOT_STARTS_WITH,CONTAINS,NOT_CONTAINS" required="false" writableAfterSave="true" sqlType="VARCHAR" unique="false" name="GapRiskRating" unsigned="false" calculated="false" foreignKey="false" key="AUQISglbtoeSCinj" columnName="GapRiskRating"/>
	<field sqlTypeColumnSize="255" displayName="Gap Owner" autoIncrement="false" minLength="0.0" description="" sortable="true" type="String" repeated="false" allowedFilterOperators="LT,LTE,EQ,GTE,GT,STARTS_WITH,IN,NOT_IN,NE,NOT_STARTS_WITH,CONTAINS,NOT_CONTAINS" required="false" writableAfterSave="true" sqlType="VARCHAR" unique="false" name="GapOwner" unsigned="false" calculated="false" foreignKey="false" key="ZqXYqtL4600NN3uK" columnName="GapOwner"/>
	<field sqlTypeColumnSize="255" displayName="Gap Documentation Link" autoIncrement="false" minLength="0.0" description="" sortable="true" type="String" repeated="false" allowedFilterOperators="LT,LTE,EQ,GTE,GT,STARTS_WITH,IN,NOT_IN,NE,NOT_STARTS_WITH,CONTAINS,NOT_CONTAINS" required="false" writableAfterSave="true" sqlType="VARCHAR" unique="false" name="GapDocumentationLink" unsigned="false" calculated="false" foreignKey="false" key="z9dWt4D7Q44ebIIq" columnName="GapDocumentationLink"/>
	<field displayName="Days Outstanding" autoIncrement="false" description="" sortable="true" integer="false" type="Number" repeated="false" allowedFilterOperators="LT,LTE,EQ,GTE,GT,IN,NOT_IN,NE" required="false" writableAfterSave="true" sqlType="INT" unique="false" name="DaysOutstanding" unsigned="false" calculated="false" foreignKey="false" key="sckhK7agVTUH9yCN" columnName="DaysOutstanding"/>
	<permission event="ON_CREATE"/>
	<permission event="ON_LOAD"/>
	<permission event="ON_SAVE"/>
	<permission event="ON_DELETE"/>
	<dataSource key="E83QU96kiatBLAgpoq9CEAQDRVCJQizI_default" name="GapsByControlID" type="QUERY" scope="UNSCOPED" modelKey="E83QU96kiatBLAgpoq9CEAQDRVCJQizI" pageSize="100" where="ControlId = :ControlId" isDraft="false" sortAsc="true" autoLoad="true">
		<parameters>
			<property name="ControlId" type="Number" isNull="true"/>
		</parameters>
		<wherePathMapping namePath="ControlId" keyPath="2Uc1etx39DWtVdw4"/>
		<binding sourceExpression="query.parameters.ControlId" targetExpression="@datasources.XR4caTYTYWwjyzv3BE9s5x9S4CEHi9lO_default.item ? @datasources.XR4caTYTYWwjyzv3BE9s5x9S4CEHi9lO_default.item.GiaCNWi9UBkVLXbm : null" targetLiteralExpression="@datasources.ControlsByRiskID.item ? @datasources.ControlsByRiskID.item.ControlID : null"/>
	</dataSource>
</model>