
<model key="4kcVnm1kIxC9mmgeXqZIVDNKCk378vyk" name="PreRASurveyResults" description="" userIdFieldType="USER_ID" defaultDataSourceKey="4kcVnm1kIxC9mmgeXqZIVDNKCk378vyk_default" type="SPECKLE" ON_CREATEinheritsFromModel="true" ON_LOADinheritsFromModel="true" ON_SAVEinheritsFromModel="true" ON_DELETEinheritsFromModel="true" view="false" primaryKeyColumn="bn2kHe4V8HhyK805" speckleInstance="" table="PreRASurveyResults">
	<modelPermission modelPermission="model_permission" active="true" adminAccess="true"/>
	<field displayName="Id" autoIncrement="true" description="" sortable="true" integer="false" type="Number" repeated="false" allowedFilterOperators="LT,LTE,EQ,GTE,GT,IN,NOT_IN,NE" required="false" writableAfterSave="false" sqlType="INT" unique="false" name="id" unsigned="false" calculated="false" foreignKey="false" key="bn2kHe4V8HhyK805" columnName="id"/>
	<field sqlTypeColumnSize="255" displayName="Score" autoIncrement="false" minLength="0.0" description="" sortable="true" type="String" repeated="false" allowedFilterOperators="LT,LTE,EQ,GTE,GT,STARTS_WITH,IN,NOT_IN,NE,NOT_STARTS_WITH,CONTAINS,NOT_CONTAINS" required="false" writableAfterSave="true" sqlType="VARCHAR" unique="false" name="Score" unsigned="false" calculated="false" foreignKey="false" key="Q5FhvO3IhwUeNzC0" columnName="Score"/>
	<field displayName="RAID" autoIncrement="false" description="" sortable="true" integer="false" type="Number" repeated="false" allowedFilterOperators="LT,LTE,EQ,GTE,GT,IN,NOT_IN,NE" required="false" writableAfterSave="true" sqlType="INT" unique="false" name="RAID" unsigned="false" calculated="false" foreignKey="false" key="11YKfH34KucV3sQO" columnName="RAID"/>
	<field sqlTypeColumnSize="255" displayName="Status" autoIncrement="false" minLength="0.0" description="" sortable="true" type="String" repeated="false" allowedFilterOperators="LT,LTE,EQ,GTE,GT,STARTS_WITH,IN,NOT_IN,NE,NOT_STARTS_WITH,CONTAINS,NOT_CONTAINS" required="false" writableAfterSave="true" sqlType="VARCHAR" unique="false" name="status" unsigned="false" calculated="false" foreignKey="false" key="HfiuYi4hVobqvPtD" columnName="status"/>
	<field displayName="Risk Assessment Fk" autoIncrement="false" description="" sortable="true" integer="false" type="Number" repeated="false" allowedFilterOperators="LT,LTE,EQ,GTE,GT,IN,NOT_IN,NE" required="false" writableAfterSave="true" sqlType="INT" unique="false" name="riskAssessment_fk" unsigned="false" calculated="false" foreignKey="true" key="OUvmsdXpNUOq4Sgw" columnName="riskAssessment_fk"/>
	<field displayName="Complexity Score" autoIncrement="false" description="" sortable="true" integer="false" type="Number" repeated="false" allowedFilterOperators="LT,LTE,EQ,GTE,GT,IN,NOT_IN,NE" required="false" writableAfterSave="true" sqlType="INT" unique="false" name="ComplexityScore" unsigned="false" calculated="false" foreignKey="false" key="tLOp2YBXRpuOwflP" columnName="ComplexityScore"/>
	<permission event="ON_CREATE"/>
	<permission event="ON_LOAD"/>
	<permission event="ON_SAVE"/>
	<permission event="ON_DELETE"/>
	<dataSource key="4kcVnm1kIxC9mmgeXqZIVDNKCk378vyk_default" name="PreRASurveyResults" type="QUERY" scope="UNSCOPED" modelKey="4kcVnm1kIxC9mmgeXqZIVDNKCk378vyk" pageSize="100" where="" isDraft="false" sortAsc="true" autoLoad="true"/>
	<dataSource key="XOqp3qc4r3KZAUds5d8pWqyESKv8mCqk" name="PreRASurveyResultsByProcessID" type="QUERY" scope="UNSCOPED" modelKey="4kcVnm1kIxC9mmgeXqZIVDNKCk378vyk" pageSize="100" customQuery="return require('PreRiskAssessmentSurveyServer').getSurveyData(query.parameters.ProcessID).surveys;" where="" isDraft="false" sortAsc="true" autoLoad="true">
		<customProperties>
			<property key="aJOKne7U" name="ProcessID" type="Number" category="Custom Properties" readonly="false" hidden="false" deprecated="false" experimental="false" designTime="false" persisted="true"/>
		</customProperties>
	</dataSource>
</model>