
<model key="xF70Wvc2JtoyiQamhNzGtdMTL7Dl7gRM" name="PreSurveyQuestionnaire" description="" userIdFieldType="USER_ID" defaultDataSourceKey="xF70Wvc2JtoyiQamhNzGtdMTL7Dl7gRM_default" type="SPECKLE" ON_CREATEinheritsFromModel="true" ON_LOADinheritsFromModel="true" ON_SAVEinheritsFromModel="true" ON_DELETEinheritsFromModel="true" view="false" primaryKeyColumn="qXBSJonxfADyiZCm" speckleInstance="" table="PreSurveyQuestionnaire">
	<modelPermission modelPermission="model_permission" groupKeys="Users" active="true" adminAccess="true"/>
	<field displayName="Question Number" autoIncrement="true" description="" sortable="true" integer="false" type="Number" repeated="false" allowedFilterOperators="LT,LTE,EQ,GTE,GT,IN,NOT_IN,NE" required="false" writableAfterSave="false" sqlType="INT" unique="false" name="QuestionNumber" unsigned="false" calculated="false" foreignKey="false" key="qXBSJonxfADyiZCm" columnName="QuestionNumber"/>
	<field sqlTypeColumnSize="255" displayName="Complexity Category" autoIncrement="false" minLength="0.0" description="" sortable="true" type="String" repeated="false" allowedFilterOperators="LT,LTE,EQ,GTE,GT,STARTS_WITH,IN,NOT_IN,NE,NOT_STARTS_WITH,CONTAINS,NOT_CONTAINS" required="false" writableAfterSave="true" sqlType="VARCHAR" unique="false" name="ComplexityCategory" unsigned="false" calculated="false" foreignKey="false" key="gJqcKnR9WbZ1DRdV" columnName="ComplexityCategory"/>
	<field sqlTypeColumnSize="255" displayName="Question" autoIncrement="false" minLength="0.0" description="" sortable="true" type="String" repeated="false" allowedFilterOperators="LT,LTE,EQ,GTE,GT,STARTS_WITH,IN,NOT_IN,NE,NOT_STARTS_WITH,CONTAINS,NOT_CONTAINS" required="false" writableAfterSave="true" sqlType="VARCHAR" unique="false" name="Question" unsigned="false" calculated="false" foreignKey="false" key="j1t0W4GpC4rF8OPH" columnName="Question"/>
	<field sqlTypeColumnSize="511" displayName="Guidance" autoIncrement="false" minLength="0.0" description="" sortable="true" type="String" repeated="false" allowedFilterOperators="LT,LTE,EQ,GTE,GT,STARTS_WITH,IN,NOT_IN,NE,NOT_STARTS_WITH,CONTAINS,NOT_CONTAINS" required="false" writableAfterSave="true" sqlType="VARCHAR" unique="false" name="Guidance" unsigned="false" calculated="false" foreignKey="false" key="KZUwOO3FmW9BJGfX" maxLength="511.0" columnName="Guidance"/>
	<field sqlTypeColumnSize="255" displayName="Score" autoIncrement="false" minLength="0.0" description="" sortable="true" type="String" repeated="false" allowedFilterOperators="LT,LTE,EQ,GTE,GT,STARTS_WITH,IN,NOT_IN,NE,NOT_STARTS_WITH,CONTAINS,NOT_CONTAINS" required="false" writableAfterSave="true" sqlType="VARCHAR" unique="false" name="Score" unsigned="false" calculated="false" foreignKey="false" key="Q9oEHLgmfd89UJ4m" columnName="Score"/>
	<field sqlTypeColumnSize="255" displayName="Comments" autoIncrement="false" minLength="0.0" description="" sortable="true" type="String" repeated="false" allowedFilterOperators="LT,LTE,EQ,GTE,GT,STARTS_WITH,IN,NOT_IN,NE,NOT_STARTS_WITH,CONTAINS,NOT_CONTAINS" required="false" writableAfterSave="true" sqlType="VARCHAR" unique="false" name="Comments" unsigned="false" calculated="false" foreignKey="false" key="9gbKAfhF2nSl1nEt" columnName="Comments"/>
	<field displayName="Question #" autoIncrement="false" description="" sortable="true" integer="false" type="Number" repeated="false" allowedFilterOperators="LT,LTE,EQ,GTE,GT,IN,NOT_IN,NE" required="false" writableAfterSave="true" sqlType="DOUBLE" unique="false" name="QuestionNumberSubcategory" unsigned="false" calculated="false" foreignKey="false" key="ftvHGosJ4qFfEHo0" columnName="QuestionNumberSubcategory"/>
	<field displayName="Risk Assessment Fk" autoIncrement="false" description="" sortable="true" integer="false" type="Number" repeated="false" allowedFilterOperators="LT,LTE,EQ,GTE,GT,IN,NOT_IN,NE" required="false" writableAfterSave="true" sqlType="INT" unique="false" name="riskAssessment_fk" unsigned="false" calculated="false" foreignKey="true" key="KcBDsNIZZG8VbTsC" columnName="riskAssessment_fk"/>
	<permission event="ON_CREATE"/>
	<permission event="ON_LOAD"/>
	<permission event="ON_SAVE"/>
	<permission event="ON_DELETE"/>
	<dataSource key="xF70Wvc2JtoyiQamhNzGtdMTL7Dl7gRM_default" name="PreSurveyQuestionnaire" type="QUERY" scope="UNSCOPED" modelKey="xF70Wvc2JtoyiQamhNzGtdMTL7Dl7gRM" pageSize="0" where="" isDraft="false" sortAsc="true" autoLoad="true"/>
</model>