
<model key="kGvFaiu9rkm2DxLsFXOT0PBIGSZKFC2b" name="Process" description="" userIdFieldType="USER_ID" defaultDataSourceKey="kGvFaiu9rkm2DxLsFXOT0PBIGSZKFC2b_default" type="SPECKLE" ON_CREATEinheritsFromModel="true" ON_LOADinheritsFromModel="true" ON_SAVEinheritsFromModel="true" ON_DELETEinheritsFromModel="true" view="false" primaryKeyColumn="gVpBMcdJEo0AkPY6" speckleInstance="" table="Process">
	<modelPermission modelPermission="model_permission" groupKeys="Users" active="true" adminAccess="true"/>
	<field displayName="Process ID" autoIncrement="true" description="" sortable="true" integer="false" type="Number" repeated="false" allowedFilterOperators="LT,LTE,EQ,GTE,GT,IN,NOT_IN,NE" required="false" writableAfterSave="false" sqlType="INT" unique="false" name="ProcessID" unsigned="false" calculated="false" foreignKey="false" key="gVpBMcdJEo0AkPY6" columnName="ProcessID"/>
	<field sqlTypeColumnSize="255" displayName="HCProcess Id" autoIncrement="false" minLength="0.0" description="" sortable="true" type="String" repeated="false" allowedFilterOperators="LT,LTE,EQ,GTE,GT,STARTS_WITH,IN,NOT_IN,NE,NOT_STARTS_WITH,CONTAINS,NOT_CONTAINS" required="false" writableAfterSave="true" sqlType="VARCHAR" unique="false" name="HCProcessId" unsigned="false" calculated="false" foreignKey="false" key="xugzBiuzVM2Euisa" columnName="HCProcessId"/>
	<field sqlTypeColumnSize="255" displayName="Process Name" autoIncrement="false" minLength="0.0" description="" sortable="true" type="String" repeated="false" allowedFilterOperators="LT,LTE,EQ,GTE,GT,STARTS_WITH,IN,NOT_IN,NE,NOT_STARTS_WITH,CONTAINS,NOT_CONTAINS" required="false" writableAfterSave="true" sqlType="VARCHAR" unique="false" name="ProcessName" unsigned="false" calculated="false" foreignKey="false" key="h8HtX88ho9vaezo6" columnName="ProcessName"/>
	<field sqlTypeColumnSize="255" displayName="Process Description" autoIncrement="false" minLength="0.0" description="" sortable="true" type="String" repeated="false" allowedFilterOperators="LT,LTE,EQ,GTE,GT,STARTS_WITH,IN,NOT_IN,NE,NOT_STARTS_WITH,CONTAINS,NOT_CONTAINS" required="false" writableAfterSave="true" sqlType="VARCHAR" unique="false" name="ProcessDescription" unsigned="false" calculated="false" foreignKey="false" key="RKOM5864BdxVao5o" maxLength="255.0" columnName="ProcessDescription"/>
	<field displayName="Process Creation Date" autoIncrement="false" description="" sortable="true" type="Date" repeated="false" allowedFilterOperators="LT,LTE,EQ,GTE,GT,IN,NOT_IN,NE" required="false" writableAfterSave="true" sqlType="TIMESTAMP" unique="false" name="ProcessCreationDate" unsigned="false" calculated="false" foreignKey="false" key="1Vg3gChkzXgB6cFz" columnName="ProcessCreationDate"/>
	<field sqlTypeColumnSize="255" displayName="GPM" autoIncrement="false" minLength="0.0" description="" sortable="true" type="String" repeated="false" allowedFilterOperators="LT,LTE,EQ,GTE,GT,STARTS_WITH,IN,NOT_IN,NE,NOT_STARTS_WITH,CONTAINS,NOT_CONTAINS" required="false" writableAfterSave="true" sqlType="VARCHAR" unique="false" name="GPM" unsigned="false" calculated="false" foreignKey="false" key="T0BGpNM5FpneUeOv" columnName="GPM"/>
	<field sqlTypeColumnSize="255" displayName="GPO" autoIncrement="false" minLength="0.0" description="" sortable="true" type="String" repeated="false" allowedFilterOperators="LT,LTE,EQ,GTE,GT,STARTS_WITH,IN,NOT_IN,NE,NOT_STARTS_WITH,CONTAINS,NOT_CONTAINS" required="false" writableAfterSave="true" sqlType="VARCHAR" unique="false" name="GPO" unsigned="false" calculated="false" foreignKey="false" key="HW2NNg8B6bk03Fkx" columnName="GPO"/>
	<field sqlTypeColumnSize="255" displayName="RCO Tower" autoIncrement="false" minLength="0.0" description="" sortable="true" type="String" repeated="false" allowedFilterOperators="LT,LTE,EQ,GTE,GT,STARTS_WITH,IN,NOT_IN,NE,NOT_STARTS_WITH,CONTAINS,NOT_CONTAINS" required="false" writableAfterSave="true" sqlType="VARCHAR" unique="false" name="RCOTower" unsigned="false" calculated="false" foreignKey="false" key="Makp4ZeTiGIycF67" columnName="RCOTower"/>
	<field sqlTypeColumnSize="255" displayName="RCO SubTower" autoIncrement="false" minLength="0.0" description="" sortable="true" type="String" repeated="false" allowedFilterOperators="LT,LTE,EQ,GTE,GT,STARTS_WITH,IN,NOT_IN,NE,NOT_STARTS_WITH,CONTAINS,NOT_CONTAINS" required="false" writableAfterSave="true" sqlType="VARCHAR" unique="false" name="RCOSubTower" unsigned="false" calculated="false" foreignKey="false" key="RxjIcCaYRDpTJgdS" columnName="RCOSubTower"/>
	<field sqlTypeColumnSize="255" displayName="Document Url" autoIncrement="false" minLength="0.0" description="" sortable="true" type="String" repeated="false" allowedFilterOperators="LT,LTE,EQ,GTE,GT,STARTS_WITH,IN,NOT_IN,NE,NOT_STARTS_WITH,CONTAINS,NOT_CONTAINS" required="false" writableAfterSave="true" sqlType="VARCHAR" unique="false" name="DocumentUrl" unsigned="false" calculated="false" foreignKey="false" key="wZ2Zcmzy7JduH87C" columnName="DocumentUrl"/>
	<field displayName="Document Last Updated" autoIncrement="false" description="" sortable="true" type="Date" repeated="false" allowedFilterOperators="LT,LTE,EQ,GTE,GT,IN,NOT_IN,NE" required="false" writableAfterSave="true" sqlType="TIMESTAMP" unique="false" name="DocumentLastUpdated" unsigned="false" calculated="false" foreignKey="false" key="GhgAKJPVUOTNX5cg" columnName="DocumentLastUpdated"/>
	<field sqlTypeColumnSize="255" displayName="Complexity" autoIncrement="false" minLength="0.0" description="" sortable="true" type="String" repeated="false" allowedFilterOperators="LT,LTE,EQ,GTE,GT,STARTS_WITH,IN,NOT_IN,NE,NOT_STARTS_WITH,CONTAINS,NOT_CONTAINS" required="false" writableAfterSave="true" sqlType="VARCHAR" unique="false" name="Complexity" unsigned="false" calculated="false" foreignKey="false" key="hxDppKOC2QKpvsSI" columnName="Complexity"/>
	<field sqlTypeColumnSize="255" displayName="Frequency" autoIncrement="false" minLength="0.0" description="" sortable="true" type="String" repeated="false" allowedFilterOperators="LT,LTE,EQ,GTE,GT,STARTS_WITH,IN,NOT_IN,NE,NOT_STARTS_WITH,CONTAINS,NOT_CONTAINS" required="false" writableAfterSave="true" sqlType="VARCHAR" unique="false" name="Frequency" unsigned="false" calculated="false" foreignKey="false" key="7sFCYwW0YeQTymEj" columnName="Frequency"/>
	<field sqlTypeColumnSize="255" displayName="Process Inherent Risk Rating" autoIncrement="false" minLength="0.0" description="" sortable="true" type="String" repeated="false" allowedFilterOperators="LT,LTE,EQ,GTE,GT,STARTS_WITH,IN,NOT_IN,NE,NOT_STARTS_WITH,CONTAINS,NOT_CONTAINS" required="false" writableAfterSave="true" sqlType="VARCHAR" unique="false" name="ProcessInherentRiskRating" unsigned="false" calculated="false" foreignKey="false" key="ww0HK42AxRmDgB3L" columnName="ProcessInherentRiskRating"/>
	<field sqlTypeColumnSize="255" displayName="Process Control Effectiveness" autoIncrement="false" minLength="0.0" description="" sortable="true" type="String" repeated="false" allowedFilterOperators="LT,LTE,EQ,GTE,GT,STARTS_WITH,IN,NOT_IN,NE,NOT_STARTS_WITH,CONTAINS,NOT_CONTAINS" required="false" writableAfterSave="true" sqlType="VARCHAR" unique="false" name="ProcessControlEffectiveness" unsigned="false" calculated="false" foreignKey="false" key="U6MB6qaf4zK6irZt" columnName="ProcessControlEffectiveness"/>
	<field sqlTypeColumnSize="255" displayName="Process Residual Risk Rating" autoIncrement="false" minLength="0.0" description="" sortable="true" type="String" repeated="false" allowedFilterOperators="LT,LTE,EQ,GTE,GT,STARTS_WITH,IN,NOT_IN,NE,NOT_STARTS_WITH,CONTAINS,NOT_CONTAINS" required="false" writableAfterSave="true" sqlType="VARCHAR" unique="false" name="ProcessResidualRiskRating" unsigned="false" calculated="false" foreignKey="false" key="1quU8G8mCAsXqet9" columnName="ProcessResidualRiskRating"/>
	<field sqlTypeColumnSize="255" displayName="O2C Mapping" autoIncrement="false" minLength="0.0" description="" sortable="true" type="String" repeated="false" allowedFilterOperators="LT,LTE,EQ,GTE,GT,STARTS_WITH,IN,NOT_IN,NE,NOT_STARTS_WITH,CONTAINS,NOT_CONTAINS" required="false" writableAfterSave="true" sqlType="VARCHAR" unique="false" name="O2CMapping" unsigned="false" calculated="false" foreignKey="false" key="sZN7SpnFZjK3Wsqb" columnName="O2CMapping"/>
	<field sqlTypeColumnSize="255" displayName="Process Roll-up" autoIncrement="false" minLength="0.0" description="" sortable="true" type="String" repeated="false" allowedFilterOperators="LT,LTE,EQ,GTE,GT,STARTS_WITH,IN,NOT_IN,NE,NOT_STARTS_WITH,CONTAINS,NOT_CONTAINS" required="false" writableAfterSave="true" sqlType="VARCHAR" unique="false" name="ProcessRollUp" unsigned="false" calculated="false" foreignKey="false" key="qrbe66lU2dA0DDqR" columnName="ProcessRollUp"/>
	<field sqlTypeColumnSize="255" displayName="PDD Owner" autoIncrement="false" minLength="0.0" description="" sortable="true" type="String" repeated="false" allowedFilterOperators="LT,LTE,EQ,GTE,GT,STARTS_WITH,IN,NOT_IN,NE,NOT_STARTS_WITH,CONTAINS,NOT_CONTAINS" required="false" writableAfterSave="true" sqlType="VARCHAR" unique="false" name="PDDOwner" unsigned="false" calculated="false" foreignKey="false" key="CA08R7puccCrQUc2" columnName="PDDOwner"/>
	<field displayName="Outstanding Gaps" autoIncrement="false" description="" sortable="true" integer="false" type="Number" repeated="false" allowedFilterOperators="LT,LTE,EQ,GTE,GT,IN,NOT_IN,NE" required="false" writableAfterSave="true" sqlType="INT" unique="false" name="OutstandingGaps" unsigned="false" calculated="true" foreignKey="false" key="95RZFIQkBB5KoZT1" columnName="OutstandingGaps"/>
	<field sqlTypeColumnSize="255" displayName="Operations Lead" autoIncrement="false" minLength="0.0" description="" sortable="true" type="String" repeated="false" allowedFilterOperators="LT,LTE,EQ,GTE,GT,STARTS_WITH,IN,NOT_IN,NE,NOT_STARTS_WITH,CONTAINS,NOT_CONTAINS" required="false" writableAfterSave="true" sqlType="VARCHAR" unique="false" name="OperationsLead" unsigned="false" calculated="false" foreignKey="false" key="CqyJ6XR1K2hYmPtt" columnName="OperationsLead"/>
	<permission event="ON_CREATE"/>
	<permission event="ON_LOAD"/>
	<permission event="ON_SAVE"/>
	<permission event="ON_DELETE"/>
	<dataSource key="kGvFaiu9rkm2DxLsFXOT0PBIGSZKFC2b_default" name="Process" type="QUERY" scope="UNSCOPED" modelKey="kGvFaiu9rkm2DxLsFXOT0PBIGSZKFC2b" pageSize="100" where="" isDraft="false" sortAsc="true" autoLoad="true"/>
</model>