
<model key="RSPWJWlmt21j6YEdhDybemSAJsCOFnLH" name="ProcessInfo" description="" userIdFieldType="USER_ID" defaultDataSourceKey="RSPWJWlmt21j6YEdhDybemSAJsCOFnLH_default" type="CALCULATED" ON_CREATEinheritsFromModel="true" ON_LOADinheritsFromModel="true" ON_SAVEinheritsFromModel="true" ON_DELETEinheritsFromModel="true">
	<modelPermission modelPermission="model_permission" active="true" adminAccess="true"/>
	<field displayName="Process ID" autoIncrement="false" description="" sortable="true" integer="false" type="Number" repeated="false" allowedFilterOperators="LT,LTE,EQ,GTE,GT,IN,NOT_IN,NE" required="false" writableAfterSave="true" unique="false" name="ProcessID" calculated="false" foreignKey="false" key="nDCskuH4ZpL2OKwk"/>
	<field displayName="HCProcess Id" autoIncrement="false" minLength="0.0" description="" sortable="true" type="String" repeated="false" allowedFilterOperators="LT,LTE,EQ,GTE,GT,STARTS_WITH,IN,NOT_IN,NE,NOT_STARTS_WITH,CONTAINS,NOT_CONTAINS" required="false" writableAfterSave="true" unique="false" name="HCProcessId" calculated="false" foreignKey="false" key="HoRbxvfVis7JU1KX"/>
	<field displayName="Process Name" autoIncrement="false" minLength="0.0" description="" sortable="true" type="String" repeated="false" allowedFilterOperators="LT,LTE,EQ,GTE,GT,STARTS_WITH,IN,NOT_IN,NE,NOT_STARTS_WITH,CONTAINS,NOT_CONTAINS" required="false" writableAfterSave="true" unique="false" name="ProcessName" calculated="false" foreignKey="false" key="oQcd5lB3GTrxoJX1"/>
	<field displayName="Process Description" autoIncrement="false" minLength="0.0" description="" sortable="true" type="String" repeated="false" allowedFilterOperators="LT,LTE,EQ,GTE,GT,STARTS_WITH,IN,NOT_IN,NE,NOT_STARTS_WITH,CONTAINS,NOT_CONTAINS" required="false" writableAfterSave="true" unique="false" name="ProcessDescription" calculated="false" foreignKey="false" key="3o4xGbJ0Fky2aQyd"/>
	<field displayName="Process Creation Date" autoIncrement="false" description="" sortable="true" type="Date" repeated="false" allowedFilterOperators="LT,LTE,EQ,GTE,GT,IN,NOT_IN,NE" required="false" writableAfterSave="true" unique="false" name="ProcessCreationDate" calculated="false" foreignKey="false" key="5IisYElUmPWePPei"/>
	<field displayName="GPM" autoIncrement="false" minLength="0.0" description="" sortable="true" type="String" repeated="false" allowedFilterOperators="LT,LTE,EQ,GTE,GT,STARTS_WITH,IN,NOT_IN,NE,NOT_STARTS_WITH,CONTAINS,NOT_CONTAINS" required="false" writableAfterSave="true" unique="false" name="GPM" calculated="false" foreignKey="false" key="7OLsaSGrRxyLfdI9"/>
	<field displayName="GPO" autoIncrement="false" minLength="0.0" description="" sortable="true" type="String" repeated="false" allowedFilterOperators="LT,LTE,EQ,GTE,GT,STARTS_WITH,IN,NOT_IN,NE,NOT_STARTS_WITH,CONTAINS,NOT_CONTAINS" required="false" writableAfterSave="true" unique="false" name="GPO" calculated="false" foreignKey="false" key="Ue8ClftcFyAEyh4Z"/>
	<field displayName="RCOTower" autoIncrement="false" minLength="0.0" description="" sortable="true" type="String" repeated="false" allowedFilterOperators="LT,LTE,EQ,GTE,GT,STARTS_WITH,IN,NOT_IN,NE,NOT_STARTS_WITH,CONTAINS,NOT_CONTAINS" required="false" writableAfterSave="true" unique="false" name="RCOTower" calculated="false" foreignKey="false" key="WLCdQHimA4gFKo1n"/>
	<field displayName="RCOSub Tower" autoIncrement="false" minLength="0.0" description="" sortable="true" type="String" repeated="false" allowedFilterOperators="LT,LTE,EQ,GTE,GT,STARTS_WITH,IN,NOT_IN,NE,NOT_STARTS_WITH,CONTAINS,NOT_CONTAINS" required="false" writableAfterSave="true" unique="false" name="RCOSubTower" calculated="false" foreignKey="false" key="a5OhumIYFIxJGP3J"/>
	<field displayName="Document Url" autoIncrement="false" minLength="0.0" description="" sortable="true" type="String" repeated="false" allowedFilterOperators="LT,LTE,EQ,GTE,GT,STARTS_WITH,IN,NOT_IN,NE,NOT_STARTS_WITH,CONTAINS,NOT_CONTAINS" required="false" writableAfterSave="true" unique="false" name="DocumentUrl" calculated="false" foreignKey="false" key="6WjI9ZFhZ7QmBirs"/>
	<field displayName="Document Last Updated" autoIncrement="false" minLength="0.0" description="" sortable="true" type="String" repeated="false" allowedFilterOperators="LT,LTE,EQ,GTE,GT,STARTS_WITH,IN,NOT_IN,NE,NOT_STARTS_WITH,CONTAINS,NOT_CONTAINS" required="false" writableAfterSave="true" unique="false" name="DocumentLastUpdated" calculated="false" foreignKey="false" key="hnj81cDp2vgzcY54"/>
	<field displayName="Complexity" autoIncrement="false" minLength="0.0" description="" sortable="true" type="String" repeated="false" allowedFilterOperators="LT,LTE,EQ,GTE,GT,STARTS_WITH,IN,NOT_IN,NE,NOT_STARTS_WITH,CONTAINS,NOT_CONTAINS" required="false" writableAfterSave="true" unique="false" name="Complexity" calculated="false" foreignKey="false" key="U0l1HI85IORQNz9K"/>
	<field displayName="Frequency" autoIncrement="false" minLength="0.0" description="" sortable="true" type="String" repeated="false" allowedFilterOperators="LT,LTE,EQ,GTE,GT,STARTS_WITH,IN,NOT_IN,NE,NOT_STARTS_WITH,CONTAINS,NOT_CONTAINS" required="false" writableAfterSave="true" unique="false" name="Frequency" calculated="false" foreignKey="false" key="9wpFSbwOII964RJ6"/>
	<field displayName="Process Inherent Risk Rating" autoIncrement="false" minLength="0.0" description="" sortable="true" type="String" repeated="false" allowedFilterOperators="LT,LTE,EQ,GTE,GT,STARTS_WITH,IN,NOT_IN,NE,NOT_STARTS_WITH,CONTAINS,NOT_CONTAINS" required="false" writableAfterSave="true" unique="false" name="ProcessInherentRiskRating" calculated="false" foreignKey="false" key="pgiDlP1eycRXTDMt"/>
	<field displayName="Process Control Effectiveness" autoIncrement="false" minLength="0.0" description="" sortable="true" type="String" repeated="false" allowedFilterOperators="LT,LTE,EQ,GTE,GT,STARTS_WITH,IN,NOT_IN,NE,NOT_STARTS_WITH,CONTAINS,NOT_CONTAINS" required="false" writableAfterSave="true" unique="false" name="ProcessControlEffectiveness" calculated="false" foreignKey="false" key="ELwZmwwqqR6mBKEA"/>
	<field displayName="Process Residual Risk Rating" autoIncrement="false" minLength="0.0" description="" sortable="true" type="String" repeated="false" allowedFilterOperators="LT,LTE,EQ,GTE,GT,STARTS_WITH,IN,NOT_IN,NE,NOT_STARTS_WITH,CONTAINS,NOT_CONTAINS" required="false" writableAfterSave="true" unique="false" name="ProcessResidualRiskRating" calculated="false" foreignKey="false" key="e6eWSOSmHgmHiqsU"/>
	<field displayName="O2C Mapping" autoIncrement="false" minLength="0.0" description="" sortable="true" type="String" repeated="false" allowedFilterOperators="LT,LTE,EQ,GTE,GT,STARTS_WITH,IN,NOT_IN,NE,NOT_STARTS_WITH,CONTAINS,NOT_CONTAINS" required="false" writableAfterSave="true" unique="false" name="O2CMapping" calculated="false" foreignKey="false" key="gSiK34OxVod5p1jc"/>
	<field displayName="Process Roll-up" autoIncrement="false" minLength="0.0" description="" sortable="true" type="String" repeated="false" allowedFilterOperators="LT,LTE,EQ,GTE,GT,STARTS_WITH,IN,NOT_IN,NE,NOT_STARTS_WITH,CONTAINS,NOT_CONTAINS" required="false" writableAfterSave="true" unique="false" name="ProcessRollUp" calculated="false" foreignKey="false" key="kS0HMraSoA3whV40"/>
	<field displayName="PDD Owner" autoIncrement="false" minLength="0.0" description="" sortable="true" type="String" repeated="false" allowedFilterOperators="LT,LTE,EQ,GTE,GT,STARTS_WITH,IN,NOT_IN,NE,NOT_STARTS_WITH,CONTAINS,NOT_CONTAINS" required="false" writableAfterSave="true" unique="false" name="PDDOwner" calculated="false" foreignKey="false" key="P9kKOPfiRuev6vb4"/>
	<field displayName="Outstanding Gaps" autoIncrement="false" description="" sortable="true" integer="false" type="Number" repeated="false" allowedFilterOperators="LT,LTE,EQ,GTE,GT,IN,NOT_IN,NE" required="false" writableAfterSave="true" unique="false" name="OutstandingGaps" calculated="false" foreignKey="false" key="d8zbyeAXYEBJXp9I"/>
	<field displayName="Operations Lead" autoIncrement="false" minLength="0.0" description="" sortable="true" type="String" repeated="false" allowedFilterOperators="LT,LTE,EQ,GTE,GT,STARTS_WITH,IN,NOT_IN,NE,NOT_STARTS_WITH,CONTAINS,NOT_CONTAINS" required="false" writableAfterSave="true" unique="false" name="OperationsLead" calculated="false" foreignKey="false" key="vSW33lCbxAMi6XBF"/>
	<permission event="ON_CREATE"/>
	<permission event="ON_LOAD"/>
	<permission event="ON_SAVE"/>
	<permission event="ON_DELETE"/>
	<dataSource key="RSPWJWlmt21j6YEdhDybemSAJsCOFnLH_default" name="defaultProcessInfo_NotUsed" type="QUERY" scope="UNSCOPED" modelKey="RSPWJWlmt21j6YEdhDybemSAJsCOFnLH" pageSize="0" where="" isDraft="false" sortAsc="true" autoLoad="true"/>
	<dataSource key="gp7behK46aJ5rfg4p3vMM4ShxIR6mERl" name="ProcessInfoByID" type="QUERY" scope="UNSCOPED" modelKey="RSPWJWlmt21j6YEdhDybemSAJsCOFnLH" pageSize="0" customQuery="return require('ProcessServer').createProcessInfoRecords(query);" where="" isDraft="false" sortAsc="true" autoLoad="false">
		<customProperties>
			<property key="xuSY4Iwl" name="ProcessID" type="Number" category="Custom Properties" readonly="false" hidden="false" deprecated="false" experimental="false" designTime="false" persisted="true"/>
		</customProperties>
	</dataSource>
</model>