
<model key="coeeKMPkfcvH0fdBFBOaNORTeCBCLyYn" name="ProcessRA" description="" userIdFieldType="USER_ID" defaultDataSourceKey="coeeKMPkfcvH0fdBFBOaNORTeCBCLyYn_default" type="CALCULATED" ON_CREATEinheritsFromModel="true" ON_LOADinheritsFromModel="true" ON_SAVEinheritsFromModel="true" ON_DELETEinheritsFromModel="true">
	<modelPermission modelPermission="model_permission" groupKeys="Users" active="true" adminAccess="true"/>
	<field displayName="HCProcess Id" autoIncrement="false" minLength="0.0" description="" sortable="true" type="String" repeated="false" allowedFilterOperators="LT,LTE,EQ,GTE,GT,STARTS_WITH,IN,NOT_IN,NE,NOT_STARTS_WITH,CONTAINS,NOT_CONTAINS" required="false" writableAfterSave="true" unique="false" name="HCProcessId" calculated="false" foreignKey="false" key="oQHRf5xUmS0u8OHi"/>
	<field displayName="RALead" autoIncrement="false" minLength="0.0" description="" sortable="true" type="String" repeated="false" allowedFilterOperators="LT,LTE,EQ,GTE,GT,STARTS_WITH,IN,NOT_IN,NE,NOT_STARTS_WITH,CONTAINS,NOT_CONTAINS" required="false" writableAfterSave="true" unique="false" name="RALead" calculated="false" foreignKey="false" key="TfPD7FyMdX282fVz"/>
	<field displayName="Process Name" autoIncrement="false" minLength="0.0" description="" sortable="true" type="String" repeated="false" allowedFilterOperators="LT,LTE,EQ,GTE,GT,STARTS_WITH,IN,NOT_IN,NE,NOT_STARTS_WITH,CONTAINS,NOT_CONTAINS" required="false" writableAfterSave="true" unique="false" name="ProcessName" calculated="false" foreignKey="false" key="v7cV8OX6R618EZKR"/>
	<field displayName="GPM" autoIncrement="false" minLength="0.0" description="" sortable="true" type="String" repeated="false" allowedFilterOperators="LT,LTE,EQ,GTE,GT,STARTS_WITH,IN,NOT_IN,NE,NOT_STARTS_WITH,CONTAINS,NOT_CONTAINS" required="false" writableAfterSave="true" unique="false" name="GPM" calculated="false" foreignKey="false" key="xvHGXfnOPM6owkZY"/>
	<field displayName="GPO" autoIncrement="false" minLength="0.0" description="" sortable="true" type="String" repeated="false" allowedFilterOperators="LT,LTE,EQ,GTE,GT,STARTS_WITH,IN,NOT_IN,NE,NOT_STARTS_WITH,CONTAINS,NOT_CONTAINS" required="false" writableAfterSave="true" unique="false" name="GPO" calculated="false" foreignKey="false" key="zHAdX0pyReAIj3lv"/>
	<field displayName="RCOTower" autoIncrement="false" minLength="0.0" description="" sortable="true" type="String" repeated="false" allowedFilterOperators="LT,LTE,EQ,GTE,GT,STARTS_WITH,IN,NOT_IN,NE,NOT_STARTS_WITH,CONTAINS,NOT_CONTAINS" required="false" writableAfterSave="true" unique="false" name="RCOTower" calculated="false" foreignKey="false" key="lOtLEWGJ97fxML9c"/>
	<field displayName="RAFrequency" autoIncrement="false" minLength="0.0" description="" sortable="true" type="String" repeated="false" allowedFilterOperators="LT,LTE,EQ,GTE,GT,STARTS_WITH,IN,NOT_IN,NE,NOT_STARTS_WITH,CONTAINS,NOT_CONTAINS" required="false" writableAfterSave="true" unique="false" name="RAFrequency" calculated="false" foreignKey="false" key="bBo1lpXz7HgMhfXC"/>
	<field displayName="Last RA Date" autoIncrement="false" description="" sortable="true" type="Date" repeated="false" allowedFilterOperators="LT,LTE,EQ,GTE,GT,IN,NOT_IN,NE" required="false" writableAfterSave="true" unique="false" name="LastRADate" calculated="false" foreignKey="false" key="n7DAGZRHO1Zr2YCv"/>
	<field displayName="Next RA Date" autoIncrement="false" description="" sortable="true" type="Date" repeated="false" allowedFilterOperators="LT,LTE,EQ,GTE,GT,IN,NOT_IN,NE" required="false" writableAfterSave="true" unique="false" name="NextRADate" calculated="false" foreignKey="false" key="12KVUtF6U6lJr00Q"/>
	<field displayName="Process Creation Date" autoIncrement="false" description="" sortable="true" type="Date" repeated="false" allowedFilterOperators="LT,LTE,EQ,GTE,GT,IN,NOT_IN,NE" required="false" writableAfterSave="true" unique="false" name="ProcessCreationDate" calculated="false" foreignKey="false" key="XbcZ5OX4D5VJCGCv"/>
	<field displayName="RAID" autoIncrement="false" description="" sortable="true" integer="false" type="Number" repeated="false" allowedFilterOperators="LT,LTE,EQ,GTE,GT,IN,NOT_IN,NE" required="false" writableAfterSave="true" unique="false" name="RAID" calculated="false" foreignKey="false" key="GXRHkbGZL7mq1EO5"/>
	<field displayName="Process ID" autoIncrement="false" description="" sortable="true" integer="false" type="Number" repeated="false" allowedFilterOperators="LT,LTE,EQ,GTE,GT,IN,NOT_IN,NE" required="false" writableAfterSave="true" unique="false" name="ProcessID" calculated="false" foreignKey="false" key="uUtW5JQ7HfjfQpUr"/>
	<field displayName="Process Control Effectiveness" autoIncrement="false" minLength="0.0" description="" sortable="true" type="String" repeated="false" allowedFilterOperators="LT,LTE,EQ,GTE,GT,STARTS_WITH,IN,NOT_IN,NE,NOT_STARTS_WITH,CONTAINS,NOT_CONTAINS" required="false" writableAfterSave="true" unique="false" name="ProcessControlEffectiveness" calculated="false" foreignKey="false" key="zrnw4rHDV68XKxwL"/>
	<field displayName="Process Residual Risk Rating" autoIncrement="false" minLength="0.0" description="" sortable="true" type="String" repeated="false" allowedFilterOperators="LT,LTE,EQ,GTE,GT,STARTS_WITH,IN,NOT_IN,NE,NOT_STARTS_WITH,CONTAINS,NOT_CONTAINS" required="false" writableAfterSave="true" unique="false" name="ProcessResidualRiskRating" calculated="false" foreignKey="false" key="R1QD8Y6rJA3L4pdm"/>
	<field displayName="In Scope For RA ?" autoIncrement="false" description="" sortable="true" integer="false" type="Number" repeated="false" allowedFilterOperators="LT,LTE,EQ,GTE,GT,IN,NOT_IN,NE" required="false" writableAfterSave="true" unique="false" name="InScope" calculated="false" foreignKey="false" key="fzPwHZrI89o24ma2"/>
	<field displayName="Risk Assessment Status" autoIncrement="false" minLength="0.0" description="" sortable="true" type="String" repeated="false" allowedFilterOperators="LT,LTE,EQ,GTE,GT,STARTS_WITH,IN,NOT_IN,NE,NOT_STARTS_WITH,CONTAINS,NOT_CONTAINS" required="false" writableAfterSave="true" unique="false" name="RAStatus" calculated="false" foreignKey="false" key="75xoQ5bkPkBHHxuB"/>
	<field displayName="Records Count" autoIncrement="false" description="" sortable="true" integer="false" type="Number" repeated="false" allowedFilterOperators="LT,LTE,EQ,GTE,GT,IN,NOT_IN,NE" required="false" writableAfterSave="true" unique="false" name="RecordsCount" calculated="false" foreignKey="false" key="mJzCVX0CNNeQYmfh"/>
	<field displayName="O2C Mapping" autoIncrement="false" minLength="0.0" description="" sortable="true" type="String" repeated="false" allowedFilterOperators="LT,LTE,EQ,GTE,GT,STARTS_WITH,IN,NOT_IN,NE,NOT_STARTS_WITH,CONTAINS,NOT_CONTAINS" required="false" writableAfterSave="true" unique="false" name="O2CMapping" calculated="false" foreignKey="false" key="Dr8uQUeCdc4nRias"/>
	<field displayName="Process Roll-up" autoIncrement="false" minLength="0.0" description="" sortable="true" type="String" repeated="false" allowedFilterOperators="LT,LTE,EQ,GTE,GT,STARTS_WITH,IN,NOT_IN,NE,NOT_STARTS_WITH,CONTAINS,NOT_CONTAINS" required="false" writableAfterSave="true" unique="false" name="ProcessRollUp" calculated="false" foreignKey="false" key="b6V9qK2tQVgggoOW"/>
	<field displayName="RCO SubTower" autoIncrement="false" minLength="0.0" description="" sortable="true" type="String" repeated="false" allowedFilterOperators="LT,LTE,EQ,GTE,GT,STARTS_WITH,IN,NOT_IN,NE,NOT_STARTS_WITH,CONTAINS,NOT_CONTAINS" required="false" writableAfterSave="true" unique="false" name="RCOSubTower" calculated="false" foreignKey="false" key="Kz6BXYGXCmqUTVDV"/>
	<field displayName="Document Url" autoIncrement="false" minLength="0.0" description="" sortable="true" type="String" repeated="false" allowedFilterOperators="LT,LTE,EQ,GTE,GT,STARTS_WITH,IN,NOT_IN,NE,NOT_STARTS_WITH,CONTAINS,NOT_CONTAINS" required="false" writableAfterSave="true" unique="false" name="DocumentUrl" calculated="false" foreignKey="false" key="nSofgf9uty5zZEhj"/>
	<field displayName="Process Inherent Risk Rating" autoIncrement="false" minLength="0.0" description="" sortable="true" type="String" repeated="false" allowedFilterOperators="LT,LTE,EQ,GTE,GT,STARTS_WITH,IN,NOT_IN,NE,NOT_STARTS_WITH,CONTAINS,NOT_CONTAINS" required="false" writableAfterSave="true" unique="false" name="ProcessInherentRiskRating" calculated="false" foreignKey="false" key="SJCfL8w1xQUew4GH"/>
	<handler event="ON_LOAD"></handler>
	<permission event="ON_CREATE"/>
	<permission event="ON_LOAD"/>
	<permission event="ON_SAVE"/>
	<permission event="ON_DELETE"/>
	<dataSource key="coeeKMPkfcvH0fdBFBOaNORTeCBCLyYn_default" name="defaultDatasourceForProcessRA_NotUsed" type="QUERY" scope="UNSCOPED" modelKey="coeeKMPkfcvH0fdBFBOaNORTeCBCLyYn" pageSize="0" customQuery="" where="" isDraft="false" sortAsc="true" autoLoad="true"/>
	<dataSource key="2mDkxNqyqhvRzP9C0IvNeFutw2WEgojh" name="FilteredProcessWithRA" type="SQL" scope="UNSCOPED" modelKey="coeeKMPkfcvH0fdBFBOaNORTeCBCLyYn" pageSize="100" sqlQuery="SELECT p.ProcessID, p.HCProcessId, p.ProcessName, p.GPM, p.GPO, p.RCOTower, p.RCOSubTower, p.ProcessControlEffectiveness, p.ProcessResidualRiskRating, p.ProcessCreationDate, p.DocumentUrl,&#xa;r.RAID, r.RALead, r.LastRADate, r.NextRADate, r.RAFrequency, r.RAStatus, '' AS O2CMapping, '' AS ProcessRollUp, '' AS ProcessInherentRiskRating,&#xa;IF(((QUARTER(r.NextRADate)&lt;=QUARTER(:currentDate)) AND (YEAR(r.NextRADate)&lt;=YEAR(:currentDate))) OR (r.LastRADate is NULL) OR (STRCMP(p.ProcessResidualRiskRating, &quot;Low&quot;)=0) OR (STRCMP(p.ProcessControlEffectiveness, &quot;Low&quot;)=0), 1, 0) AS InScope,&#xa;(&#xa;  SELECT COUNT(*) FROM Process p JOIN RiskAssessment r ON r.ProcessID=p.ProcessID&#xa;  WHERE p.HCProcessId=IFNULL(:hcProcessId, p.HCProcessId) AND&#xa;  IF(:processID is NULL, true, p.ProcessID=:processID) AND&#xa;  IF(:processName is NULL, true, p.ProcessName=:processName) AND&#xa;  IF(:gpm is NULL, true, p.GPM=:gpm) AND&#xa;  IF(:gpo is NULL, true, p.GPO=:gpo) AND&#xa;  IF(:processResidualRiskRating is NULL, true, p.ProcessResidualRiskRating=:processResidualRiskRating) AND&#xa;  IF(:rcoTower is NULL, true, p.RCOTower=:rcoTower) AND&#xa;  IF(:rcoSubTower is NULL, true, p.RCOSubTower=:rcoSubTower) AND&#xa;  IF(:lastRADate is NULL, true, (QUARTER(r.LastRADate)=QUARTER(:lastRADate) AND YEAR(r.LastRADate)=YEAR(:lastRADate))) AND&#xa;  IF(:nextRADate is NULL, true, (QUARTER(r.NextRADate)=QUARTER(:nextRADate) AND YEAR(r.NextRADate)=YEAR(:nextRADate))) AND&#xa;  IF(:raLead is NULL, true, r.RALead=:raLead) AND&#xa;  IF(:inScope is NULL, true, :inScope=IF(((QUARTER(r.NextRADate)&lt;=QUARTER(:currentDate)) AND (YEAR(r.NextRADate)&lt;=YEAR(:currentDate))) OR (r.LastRADate is NULL) OR (STRCMP(p.ProcessResidualRiskRating, &quot;Low&quot;)=0) OR (STRCMP(p.ProcessControlEffectiveness, &quot;Low&quot;)=0), 1, 0))&#xa;) as RecordsCount&#xa;FROM Process p&#xa;JOIN RiskAssessment r&#xa;ON r.ProcessID=p.ProcessID&#xa;WHERE p.HCProcessId=IFNULL(:hcProcessId, p.HCProcessId) AND&#xa;IF(:processID is NULL, true, p.ProcessID=:processID) AND&#xa;IF(:processName is NULL, true, p.ProcessName=:processName) AND&#xa;IF(:gpm is NULL, true, p.GPM=:gpm) AND&#xa;IF(:gpo is NULL, true, p.GPO=:gpo) AND&#xa;IF(:processResidualRiskRating is NULL, true, p.ProcessResidualRiskRating=:processResidualRiskRating) AND&#xa;IF(:rcoTower is NULL, true, p.RCOTower=:rcoTower) AND&#xa;IF(:rcoSubTower is NULL, true, p.RCOSubTower=:rcoSubTower) AND&#xa;IF(:lastRADate is NULL, true, (QUARTER(r.LastRADate)=QUARTER(:lastRADate) AND YEAR(r.LastRADate)=YEAR(:lastRADate))) AND&#xa;IF(:nextRADate is NULL, true, (QUARTER(r.NextRADate)=QUARTER(:nextRADate) AND YEAR(r.NextRADate)=YEAR(:nextRADate))) AND&#xa;IF(:raLead is NULL, true, r.RALead=:raLead)&#xa;HAVING (:inScope is NULL OR :inScope=InScope)&#xa;ORDER BY CASE WHEN :nextRADateOrder = 'ASC'&#xa;              THEN r.NextRADate&#xa;              ELSE 0&#xa;              END ASC,&#xa;         CASE WHEN :nextRADateOrder = 'DESC'&#xa;              THEN r.NextRADate&#xa;              ELSE 0&#xa;              END DESC" where="" isDraft="false" sortAsc="true" autoLoad="true">
		<customProperties>
			<property key="C1lpmnqh" name="hcProcessId" type="String" category="Custom Properties" readonly="false" hidden="false" deprecated="false" experimental="false" designTime="false" persisted="true"/>
			<property key="3YAEJyBC" name="raLead" type="String" category="Custom Properties" readonly="false" hidden="false" deprecated="false" experimental="false" designTime="false" persisted="true"/>
			<property key="SpdizYcd" name="processName" type="String" category="Custom Properties" readonly="false" hidden="false" deprecated="false" experimental="false" designTime="false" persisted="true"/>
			<property key="RaMjathj" name="rcoTower" type="String" category="Custom Properties" readonly="false" hidden="false" deprecated="false" experimental="false" designTime="false" persisted="true"/>
			<property key="WncfqQy4" name="gpm" type="String" category="Custom Properties" readonly="false" hidden="false" deprecated="false" experimental="false" designTime="false" persisted="true"/>
			<property key="yXvjYoVS" name="gpo" type="String" category="Custom Properties" readonly="false" hidden="false" deprecated="false" experimental="false" designTime="false" persisted="true"/>
			<property key="IqyFXcGm" name="lastRADate" type="Date" category="Custom Properties" readonly="false" hidden="false" deprecated="false" experimental="false" designTime="false" persisted="true"/>
			<property key="kZqTm6nR" name="nextRADate" type="Date" category="Custom Properties" readonly="false" hidden="false" deprecated="false" experimental="false" designTime="false" persisted="true"/>
			<property key="Wdk954OJ" name="currentDate" type="Date" category="Custom Properties" readonly="false" hidden="false" deprecated="false" experimental="false" designTime="false" persisted="true"/>
			<property key="CpkD3y72" name="inScope" type="Number" category="Custom Properties" readonly="false" hidden="false" deprecated="false" experimental="false" designTime="false" persisted="true"/>
			<property key="cuZiSL97" name="nextRADateOrder" type="String" category="Custom Properties" readonly="false" hidden="false" deprecated="false" experimental="false" designTime="false" persisted="true"/>
			<property key="fNez2FUY" name="processID" type="Number" category="Custom Properties" readonly="false" hidden="false" deprecated="false" experimental="false" designTime="false" persisted="true"/>
			<property key="ZkMhjVQK" name="nextDates" type="List[Date]" category="Custom Properties" readonly="false" hidden="false" deprecated="false" experimental="false" designTime="false" persisted="true"/>
			<property key="Or8PZEYX" name="rcoSubTower" type="String" category="Custom Properties" readonly="false" hidden="false" deprecated="false" experimental="false" designTime="false" persisted="true"/>
			<property key="BgVbeR9h" name="processResidualRiskRating" type="String" category="Custom Properties" readonly="false" hidden="false" deprecated="false" experimental="false" designTime="false" persisted="true"/>
		</customProperties>
	</dataSource>
	<dataSource key="gSkXLkRYumgAUBYUZ2WRUJUhtJAE5P8J" name="GPOProcessRA" type="SQL" scope="UNSCOPED" modelKey="coeeKMPkfcvH0fdBFBOaNORTeCBCLyYn" pageSize="100" sqlQuery="SELECT p.ProcessID, p.HCProcessId, p.ProcessName, p.GPM, p.GPO, p.RCOTower, p.RCOSubTower, p.ProcessControlEffectiveness, p.ProcessResidualRiskRating, p.ProcessCreationDate, p.DocumentUrl,&#xa;r.RAID, r.RALead, r.LastRADate, r.NextRADate, r.RAFrequency, r.RAStatus, p.O2CMapping, p.ProcessRollUp, FALSE as InScope, '' AS ProcessInherentRiskRating,&#xa;(&#xa;  SELECT COUNT(*) FROM Process p JOIN RiskAssessment r ON r.ProcessID=p.ProcessID&#xa;  WHERE r.RALead is not NULL AND p.GPO=:userEmail AND r.RAStatus=:raStatus AND r.RAStatus IN :statuses&#xa;) as RecordsCount&#xa;FROM Process p&#xa;JOIN RiskAssessment r&#xa;ON r.ProcessID=p.ProcessID&#xa;WHERE r.RALead is not NULL AND p.GPO=:userEmail AND r.RAStatus=:raStatus&#xa;ORDER BY CASE WHEN :order = 'ASC'&#xa;              THEN p.ProcessID&#xa;              ELSE 0&#xa;              END ASC,&#xa;         CASE WHEN :order = 'DESC'&#xa;              THEN p.ProcessID&#xa;              ELSE 0&#xa;              END DESC&#xa;&#xa;" where="" isDraft="false" sortAsc="true" autoLoad="true">
		<customProperties>
			<property key="QRHKk8UE" name="userEmail" type="String" category="Custom Properties" readonly="false" hidden="false" deprecated="false" experimental="false" designTime="false" persisted="true"/>
			<property key="HxXeBY9E" name="order" type="String" category="Custom Properties" readonly="false" hidden="false" deprecated="false" experimental="false" designTime="false" persisted="true"/>
			<property key="eRVySKZL" name="raStatus" type="String" category="Custom Properties" readonly="false" hidden="false" deprecated="false" experimental="false" designTime="false" persisted="true"/>
			<property key="SoyP6v1z" name="statuses" type="List[String]" category="Custom Properties" readonly="false" hidden="false" deprecated="false" experimental="false" designTime="false" persisted="true"/>
		</customProperties>
	</dataSource>
	<dataSource key="HFKCUOqRYgGjVFQGPudmikSrdSnzfnEq" name="MyTasks" type="SQL" scope="UNSCOPED" modelKey="coeeKMPkfcvH0fdBFBOaNORTeCBCLyYn" pageSize="100" sqlQuery="SELECT p.ProcessID, p.HCProcessId, p.ProcessName, p.GPM, p.GPO, p.RCOTower, p.RCOSubTower, p.ProcessControlEffectiveness, p.ProcessResidualRiskRating, p.ProcessCreationDate, p.DocumentUrl,&#xa;r.RAID, r.RALead, r.LastRADate, r.NextRADate, r.RAFrequency, r.RAStatus, '' AS O2CMapping, '' AS ProcessRollUp, FALSE AS InScope, '' AS ProcessInherentRiskRating,&#xa;(&#xa;  SELECT COUNT(*) FROM Process p JOIN RiskAssessment r ON r.ProcessID=p.ProcessID&#xa;  WHERE r.RALead=:userEmail AND r.RAStatus IN :statuses&#xa;) as RecordsCount&#xa;FROM Process p&#xa;JOIN RiskAssessment r&#xa;ON r.ProcessID=p.ProcessID&#xa;WHERE r.RALead=:userEmail AND r.RAStatus IN :statuses&#xa;" where="" isDraft="false" sortAsc="true" autoLoad="true">
		<customProperties>
			<property key="w880F9ir" name="statuses" type="List[String]" category="Custom Properties" readonly="false" hidden="false" deprecated="false" experimental="false" designTime="false" persisted="true"/>
			<property key="LxY5y8oY" name="userEmail" type="String" category="Custom Properties" readonly="false" hidden="false" deprecated="false" experimental="false" designTime="false" persisted="true"/>
		</customProperties>
	</dataSource>
	<dataSource key="DuUDjxn0etKgDlQfj9BPPRSZJIIcwjCU" name="RADates" type="SQL" scope="UNSCOPED" modelKey="coeeKMPkfcvH0fdBFBOaNORTeCBCLyYn" pageSize="0" sqlQuery="SELECT p.ProcessID, p.HCProcessId, p.ProcessName, p.GPM, p.GPO, p.RCOTower, p.RCOSubTower, p.ProcessControlEffectiveness, p.ProcessResidualRiskRating, p.ProcessCreationDate, p.DocumentUrl,&#xa;r.RAID, r.RALead, r.LastRADate, r.NextRADate, r.RAFrequency, r.RAStatus, '' AS O2CMapping, '' AS ProcessRollUp, '' AS ProcessInherentRiskRating, FALSE as InScope, 0 as RecordsCount&#xa;FROM Process p&#xa;JOIN RiskAssessment r&#xa;ON r.ProcessID=p.ProcessID&#xa;" where="" isDraft="false" sortAsc="true" autoLoad="true"/>
	<dataSource key="ihCis7pgLInioMpvztCQnxkgy2zxE7YK" name="RCOProcesses" type="SQL" scope="UNSCOPED" modelKey="coeeKMPkfcvH0fdBFBOaNORTeCBCLyYn" pageSize="100" sqlQuery="SELECT p.ProcessID, p.HCProcessId, p.ProcessName, p.GPM, p.GPO, p.RCOTower, p.RCOSubTower, p.ProcessControlEffectiveness, p.ProcessResidualRiskRating, p.ProcessCreationDate, p.DocumentUrl,&#xa;r.RAID, r.RALead, r.LastRADate, r.NextRADate, r.RAFrequency, r.RAStatus, p.O2CMapping, p.ProcessRollUp, '' AS ProcessInherentRiskRating,&#xa;IF(((QUARTER(r.NextRADate)&lt;=QUARTER(:currentDate)) AND (YEAR(r.NextRADate)&lt;=YEAR(:currentDate))) OR (r.LastRADate is NULL) OR (STRCMP(p.ProcessResidualRiskRating, &quot;Low&quot;)=0) OR (STRCMP(p.ProcessControlEffectiveness, &quot;Low&quot;)=0), 1, 0) AS InScope,&#xa;(&#xa;  SELECT COUNT(*) FROM Process p JOIN RiskAssessment r ON r.ProcessID=p.ProcessID&#xa;  WHERE IF(:processID is NULL, true, p.ProcessID=:processID) AND&#xa;  IF(:gpm is NULL, true, p.GPM=:gpm) AND&#xa;  IF(:gpo is NULL, true, p.GPO=:gpo) AND&#xa;  IF(:rcoTower is NULL, true, p.RCOTower=:rcoTower) AND&#xa;  IF(:inScope is NULL, true, :inScope=IF(((QUARTER(r.NextRADate)&lt;=QUARTER(:currentDate)) AND (YEAR(r.NextRADate)&lt;=YEAR(:currentDate))) OR (r.LastRADate is NULL) OR (STRCMP(p.ProcessResidualRiskRating, &quot;Low&quot;)=0) OR (STRCMP(p.ProcessControlEffectiveness, &quot;Low&quot;)=0), 1, 0))&#xa;) as RecordsCount&#xa;FROM Process p&#xa;JOIN RiskAssessment r&#xa;ON r.ProcessID=p.ProcessID&#xa;WHERE IF(:processID is NULL, true, p.ProcessID=:processID) AND&#xa;IF(:gpm is NULL, true, p.GPM=:gpm) AND&#xa;IF(:gpo is NULL, true, p.GPO=:gpo) AND&#xa;IF(:rcoTower is NULL, true, p.RCOTower=:rcoTower)&#xa;HAVING (:inScope is NULL OR :inScope=InScope)" where="" isDraft="false" sortAsc="true" autoLoad="true">
		<customProperties>
			<property key="jhSc6Rtd" name="rcoTower" type="String" category="Custom Properties" readonly="false" hidden="false" deprecated="false" experimental="false" designTime="false" persisted="true"/>
			<property key="OfDHWsCw" name="processID" type="Number" category="Custom Properties" readonly="false" hidden="false" deprecated="false" experimental="false" designTime="false" persisted="true"/>
			<property key="5QfdOUI9" name="gpo" type="String" category="Custom Properties" readonly="false" hidden="false" deprecated="false" experimental="false" designTime="false" persisted="true"/>
			<property key="f4JpAi0u" name="gpm" type="String" category="Custom Properties" readonly="false" hidden="false" deprecated="false" experimental="false" designTime="false" persisted="true"/>
			<property key="bcLSNimJ" name="inScope" type="Number" category="Custom Properties" readonly="false" hidden="false" deprecated="false" experimental="false" designTime="false" persisted="true"/>
			<property key="OxR0Hea8" name="currentDate" type="Date" category="Custom Properties" readonly="false" hidden="false" deprecated="false" experimental="false" designTime="false" persisted="true"/>
		</customProperties>
	</dataSource>
	<dataSource key="YrKkWEHupdPpRuZGaMMsnpHBIV3zYkIV" name="FilteredProcessWithRAScript" type="QUERY" scope="UNSCOPED" modelKey="coeeKMPkfcvH0fdBFBOaNORTeCBCLyYn" pageSize="100" onLoad="" customQuery="return require('ProcessRAServer').getFilteredProcessWithRAForRiskAssessment(query);" where="" isDraft="false" sortAsc="true" autoLoad="true">
		<customProperties>
			<property key="ivMuybGd" name="rcoTower" type="String" category="Custom Properties" readonly="false" hidden="false" deprecated="false" experimental="false" designTime="false" persisted="true"/>
			<property key="tK6jscOz" name="lastRADate" type="Date" category="Custom Properties" readonly="false" hidden="false" deprecated="false" experimental="false" designTime="false" persisted="true"/>
			<property key="pergvG7K" name="hcProcessId" type="String" category="Custom Properties" readonly="false" hidden="false" deprecated="false" experimental="false" designTime="false" persisted="true"/>
			<property key="mWnXTX4f" name="nextRADate" type="Date" category="Custom Properties" readonly="false" hidden="false" deprecated="false" experimental="false" designTime="false" persisted="true"/>
			<property key="3nI27AYu" name="gpm" type="String" category="Custom Properties" readonly="false" hidden="false" deprecated="false" experimental="false" designTime="false" persisted="true"/>
			<property key="U2CdCUEu" name="gpo" type="String" category="Custom Properties" readonly="false" hidden="false" deprecated="false" experimental="false" designTime="false" persisted="true"/>
			<property key="jGLla9FS" name="raLead" type="String" category="Custom Properties" readonly="false" hidden="false" deprecated="false" experimental="false" designTime="false" persisted="true"/>
			<property key="6oDrjHxU" name="processResidualRiskRating" type="String" category="Custom Properties" readonly="false" hidden="false" deprecated="false" experimental="false" designTime="false" persisted="true"/>
			<property key="0zSPxXDU" name="rcoSubTower" type="String" category="Custom Properties" readonly="false" hidden="false" deprecated="false" experimental="false" designTime="false" persisted="true"/>
		</customProperties>
	</dataSource>
	<dataSource key="Phvbmv21XXx8zcERGBz3aIrVQR21w8GG" name="FilteredProcessWithRAScriptByProcessID" type="QUERY" scope="UNSCOPED" modelKey="coeeKMPkfcvH0fdBFBOaNORTeCBCLyYn" pageSize="100" customQuery="return require('ProcessRAServer').getFilteredProcessWithRAForRiskAssessmentHistory(query);" where="" isDraft="false" sortAsc="true" autoLoad="false">
		<customProperties>
			<property key="DdUxH2AV" name="ProcessID" type="Number" category="Custom Properties" readonly="false" hidden="false" deprecated="false" experimental="false" designTime="false" persisted="true"/>
			<property key="sNma7Ruc" name="statuses" type="List[String]" category="Custom Properties" readonly="false" hidden="false" deprecated="false" experimental="false" designTime="false" persisted="true"/>
		</customProperties>
	</dataSource>
</model>