
<model key="VIk2wuVCxdI5dXSD7kyh4JQhCoXJ5oJb" name="RAQuestionnaireAnswers" description="" userIdFieldType="USER_ID" defaultDataSourceKey="VIk2wuVCxdI5dXSD7kyh4JQhCoXJ5oJb_default" type="SPECKLE" ON_CREATEinheritsFromModel="true" ON_LOADinheritsFromModel="true" ON_SAVEinheritsFromModel="true" ON_DELETEinheritsFromModel="true" view="false" primaryKeyColumn="3rm0qrp7HzFgDkQl" speckleInstance="" table="RAQuestionnaireAnswers">
	<modelPermission modelPermission="model_permission" active="true" adminAccess="true"/>
	<field displayName="Id" autoIncrement="true" description="" sortable="true" integer="false" type="Number" repeated="false" allowedFilterOperators="LT,LTE,EQ,GTE,GT,IN,NOT_IN,NE" required="false" writableAfterSave="false" sqlType="INT" unique="false" name="id" unsigned="false" calculated="false" foreignKey="false" key="3rm0qrp7HzFgDkQl" columnName="id"/>
	<field sqlTypeColumnSize="255" displayName="Rating" autoIncrement="false" minLength="0.0" description="" sortable="true" type="String" repeated="false" allowedFilterOperators="LT,LTE,EQ,GTE,GT,STARTS_WITH,IN,NOT_IN,NE,NOT_STARTS_WITH,CONTAINS,NOT_CONTAINS" required="false" writableAfterSave="true" sqlType="VARCHAR" unique="false" name="Rating" unsigned="false" calculated="false" foreignKey="false" key="lx4u2jBCMItMXI8j" columnName="Rating"/>
	<field sqlTypeColumnSize="255" displayName="Comments" autoIncrement="false" minLength="0.0" description="" sortable="true" type="String" repeated="false" allowedFilterOperators="LT,LTE,EQ,GTE,GT,STARTS_WITH,IN,NOT_IN,NE,NOT_STARTS_WITH,CONTAINS,NOT_CONTAINS" required="false" writableAfterSave="true" sqlType="VARCHAR" unique="false" name="Comments" unsigned="false" calculated="false" foreignKey="false" key="Nc4gQs9OLMhSAFgU" maxLength="255.0" columnName="Comments"/>
	<field displayName="RAID" autoIncrement="false" description="" sortable="true" integer="false" type="Number" repeated="false" allowedFilterOperators="LT,LTE,EQ,GTE,GT,IN,NOT_IN,NE" required="false" writableAfterSave="true" sqlType="DOUBLE" unique="false" name="RAID" unsigned="false" calculated="false" foreignKey="false" key="JIC1o6aaDsKqjyyx" columnName="RAID"/>
	<field sqlTypeColumnSize="255" displayName="Question Number" autoIncrement="false" minLength="0.0" description="" sortable="true" type="String" repeated="false" allowedFilterOperators="LT,LTE,EQ,GTE,GT,STARTS_WITH,IN,NOT_IN,NE,NOT_STARTS_WITH,CONTAINS,NOT_CONTAINS" required="false" writableAfterSave="true" sqlType="VARCHAR" unique="false" name="QuestionNumber" unsigned="false" calculated="false" foreignKey="false" key="6fKZ0z4UUbozdi4f" columnName="QuestionNumber"/>
	<permission event="ON_CREATE"/>
	<permission event="ON_LOAD"/>
	<permission event="ON_SAVE"/>
	<permission event="ON_DELETE"/>
	<dataSource key="VIk2wuVCxdI5dXSD7kyh4JQhCoXJ5oJb_default" name="RAQuestionnaireAnswers" type="QUERY" scope="UNSCOPED" modelKey="VIk2wuVCxdI5dXSD7kyh4JQhCoXJ5oJb" pageSize="100" customQuery="" where="" isDraft="false" sortAsc="true" autoLoad="true"/>
	<dataSource key="Rq1iPshJFcWlVIvtZE25hsdRJO3wo9WU" name="RAQuestionnaireAnswersByProcessID" type="QUERY" scope="UNSCOPED" modelKey="VIk2wuVCxdI5dXSD7kyh4JQhCoXJ5oJb" pageSize="100" customQuery="return require('QuestionnaireServer').getQuestionnaireDataFiltered(query.parameters.ProcessID);" where="" isDraft="false" sortAsc="true" autoLoad="true">
		<customProperties>
			<property key="CUZZHiGw" name="ProcessID" type="Number" category="Custom Properties" readonly="false" hidden="false" deprecated="false" experimental="false" designTime="false" persisted="true"/>
		</customProperties>
	</dataSource>
</model>