
<model key="tgq4ra8ejxHvJtRBPLNkzSDLV0PS1LIz" name="RAQuestionnaireResults" description="" userIdFieldType="USER_ID" defaultDataSourceKey="tgq4ra8ejxHvJtRBPLNkzSDLV0PS1LIz_default" type="SPECKLE" ON_CREATEinheritsFromModel="true" ON_LOADinheritsFromModel="true" ON_SAVEinheritsFromModel="true" ON_DELETEinheritsFromModel="true" view="false" primaryKeyColumn="fk2yDpF96FiC6bze" speckleInstance="" table="RAQuestionnaireResults">
	<modelPermission modelPermission="model_permission" active="true" adminAccess="true"/>
	<field displayName="Id" autoIncrement="true" description="" sortable="true" integer="false" type="Number" repeated="false" allowedFilterOperators="LT,LTE,EQ,GTE,GT,IN,NOT_IN,NE" required="false" writableAfterSave="false" sqlType="INT" unique="false" name="id" unsigned="false" calculated="false" foreignKey="false" key="fk2yDpF96FiC6bze" columnName="id"/>
	<field displayName="RAID" autoIncrement="false" description="" sortable="true" integer="false" type="Number" repeated="false" allowedFilterOperators="LT,LTE,EQ,GTE,GT,IN,NOT_IN,NE" required="false" writableAfterSave="true" sqlType="INT" unique="false" name="RAID" unsigned="false" calculated="false" foreignKey="false" key="wTTC3kOpHWKsdf1m" columnName="RAID"/>
	<field sqlTypeColumnSize="255" displayName="Status" autoIncrement="false" minLength="0.0" description="" sortable="true" type="String" repeated="false" allowedFilterOperators="LT,LTE,EQ,GTE,GT,STARTS_WITH,IN,NOT_IN,NE,NOT_STARTS_WITH,CONTAINS,NOT_CONTAINS" required="false" writableAfterSave="true" sqlType="VARCHAR" unique="false" name="status" unsigned="false" calculated="false" foreignKey="false" key="WF9pgT61UrUQXPqM" columnName="status"/>
	<permission event="ON_CREATE"/>
	<permission event="ON_LOAD"/>
	<permission event="ON_SAVE"/>
	<permission event="ON_DELETE"/>
	<dataSource key="tgq4ra8ejxHvJtRBPLNkzSDLV0PS1LIz_default" name="RAQuestionnaireResults" type="QUERY" scope="UNSCOPED" modelKey="tgq4ra8ejxHvJtRBPLNkzSDLV0PS1LIz" pageSize="100" where="" isDraft="false" sortAsc="true" autoLoad="true"/>
	<dataSource key="FCwE5THGSfinIKduoOJcBQtobqAtYGGN" name="RAQuestionnaireResultsByProcessID" type="QUERY" scope="UNSCOPED" modelKey="tgq4ra8ejxHvJtRBPLNkzSDLV0PS1LIz" pageSize="100" customQuery="return require('QuestionnaireServer').getQuestionnaireResultsByProcessID(query.parameters.ProcessID).results;" where="" isDraft="false" sortAsc="true" autoLoad="true">
		<customProperties>
			<property key="xlfPugHu" name="ProcessID" type="Number" category="Custom Properties" readonly="false" hidden="false" deprecated="false" experimental="false" designTime="false" persisted="true"/>
		</customProperties>
	</dataSource>
</model>