
<model key="V6mx6of7eMQT29h2YW186eviyueuDwmc" name="RAQuestionnaire" description="" userIdFieldType="USER_ID" defaultDataSourceKey="V6mx6of7eMQT29h2YW186eviyueuDwmc_default" type="SPECKLE" ON_CREATEinheritsFromModel="true" ON_LOADinheritsFromModel="true" ON_SAVEinheritsFromModel="true" ON_DELETEinheritsFromModel="true" view="false" primaryKeyColumn="LMJtqy6AXByiruxn" speckleInstance="" table="RAQuestionnaire">
	<modelPermission modelPermission="model_permission" groupKeys="Users" active="true" adminAccess="true"/>
	<field displayName="Id" autoIncrement="true" description="" sortable="true" integer="false" type="Number" repeated="false" allowedFilterOperators="LT,LTE,EQ,GTE,GT,IN,NOT_IN,NE" required="false" writableAfterSave="false" sqlType="INT" unique="false" name="id" unsigned="false" calculated="false" foreignKey="false" key="LMJtqy6AXByiruxn" columnName="id"/>
	<field sqlTypeColumnSize="255" displayName="Risk Category" autoIncrement="false" minLength="0.0" description="" sortable="true" type="String" repeated="false" allowedFilterOperators="LT,LTE,EQ,GTE,GT,STARTS_WITH,IN,NOT_IN,NE,NOT_STARTS_WITH,CONTAINS,NOT_CONTAINS" required="false" writableAfterSave="true" sqlType="VARCHAR" unique="false" name="RiskCategory" unsigned="false" calculated="false" foreignKey="false" key="Q0th9U2WRXvc3bxR" columnName="RiskCategory"/>
	<field sqlTypeColumnSize="255" displayName="Question" autoIncrement="false" minLength="0.0" description="" sortable="true" type="String" repeated="false" allowedFilterOperators="LT,LTE,EQ,GTE,GT,STARTS_WITH,IN,NOT_IN,NE,NOT_STARTS_WITH,CONTAINS,NOT_CONTAINS" required="false" writableAfterSave="true" sqlType="VARCHAR" unique="false" name="Question" unsigned="false" calculated="false" foreignKey="false" key="1ZkOqqXUtb2lWoch" maxLength="255.0" columnName="Question"/>
	<field sqlTypeColumnSize="1023" displayName="Guidance" autoIncrement="false" minLength="0.0" description="" sortable="true" type="String" repeated="false" allowedFilterOperators="LT,LTE,EQ,GTE,GT,STARTS_WITH,IN,NOT_IN,NE,NOT_STARTS_WITH,CONTAINS,NOT_CONTAINS" required="false" writableAfterSave="true" sqlType="VARCHAR" unique="false" name="Guidance" unsigned="false" calculated="false" foreignKey="false" key="wVt1B6EgkSQ1mxdf" maxLength="1023.0" columnName="Guidance"/>
	<field sqlTypeColumnSize="255" displayName="Question Number" autoIncrement="false" minLength="0.0" description="" sortable="true" type="String" repeated="false" allowedFilterOperators="LT,LTE,EQ,GTE,GT,STARTS_WITH,IN,NOT_IN,NE,NOT_STARTS_WITH,CONTAINS,NOT_CONTAINS" required="false" writableAfterSave="true" sqlType="VARCHAR" unique="false" name="QuestionNumber" unsigned="false" calculated="false" foreignKey="false" key="JVMrsHMTfrwAP9UB" columnName="QuestionNumber"/>
	<field sqlTypeColumnSize="255" displayName="Status" autoIncrement="false" minLength="0.0" description="" sortable="true" type="String" repeated="false" allowedFilterOperators="LT,LTE,EQ,GTE,GT,STARTS_WITH,IN,NOT_IN,NE,NOT_STARTS_WITH,CONTAINS,NOT_CONTAINS" required="false" writableAfterSave="true" sqlType="VARCHAR" unique="false" name="Status" unsigned="false" calculated="false" foreignKey="false" key="GNSq1lSQKjkMfHC3" columnName="Status"/>
	<permission event="ON_CREATE"/>
	<permission event="ON_LOAD"/>
	<permission event="ON_SAVE"/>
	<permission event="ON_DELETE"/>
	<dataSource key="V6mx6of7eMQT29h2YW186eviyueuDwmc_default" name="RAQuestionnaire" type="QUERY" scope="UNSCOPED" modelKey="V6mx6of7eMQT29h2YW186eviyueuDwmc" pageSize="0" where="" isDraft="false" sortAsc="true" autoLoad="true"/>
</model>