
<model key="yG3RlMbI2vOxf3n8NSOfFSREGt94d0vh" name="RiskAssessment" description="" userIdFieldType="USER_ID" defaultDataSourceKey="yG3RlMbI2vOxf3n8NSOfFSREGt94d0vh_default" type="SPECKLE" ON_CREATEinheritsFromModel="true" ON_LOADinheritsFromModel="true" ON_SAVEinheritsFromModel="true" ON_DELETEinheritsFromModel="true" view="false" primaryKeyColumn="NOxcZFMpuKlzdp1q" speckleInstance="" table="RiskAssessment">
	<modelPermission modelPermission="model_permission" groupKeys="Users" active="true" adminAccess="true"/>
	<field displayName="RAID" autoIncrement="true" description="" sortable="true" integer="false" type="Number" repeated="false" allowedFilterOperators="LT,LTE,EQ,GTE,GT,IN,NOT_IN,NE" required="false" writableAfterSave="false" sqlType="INT" unique="false" name="RAID" unsigned="false" calculated="false" foreignKey="false" key="NOxcZFMpuKlzdp1q" columnName="RAID"/>
	<field displayName="Process ID" autoIncrement="false" description="" sortable="true" integer="false" type="Number" repeated="false" allowedFilterOperators="LT,LTE,EQ,GTE,GT,IN,NOT_IN,NE" required="false" writableAfterSave="true" sqlType="DOUBLE" unique="false" name="ProcessID" unsigned="false" calculated="false" foreignKey="false" key="MmRbdjby4jfFx3c5" columnName="ProcessID"/>
	<field sqlTypeColumnSize="255" displayName="Risk Assessment Status" autoIncrement="false" minLength="0.0" description="" sortable="true" type="String" repeated="false" allowedFilterOperators="LT,LTE,EQ,GTE,GT,STARTS_WITH,IN,NOT_IN,NE,NOT_STARTS_WITH,CONTAINS,NOT_CONTAINS" required="false" writableAfterSave="true" sqlType="VARCHAR" unique="false" name="RAStatus" unsigned="false" calculated="false" foreignKey="false" key="Jy9lPiKyMKSeGs5c" columnName="RAStatus"/>
	<field sqlTypeColumnSize="255" displayName="RAScope" autoIncrement="false" minLength="0.0" description="" sortable="true" type="String" repeated="false" allowedFilterOperators="LT,LTE,EQ,GTE,GT,STARTS_WITH,IN,NOT_IN,NE,NOT_STARTS_WITH,CONTAINS,NOT_CONTAINS" required="false" writableAfterSave="true" sqlType="VARCHAR" unique="false" name="RAScope" unsigned="false" calculated="false" foreignKey="false" key="yAeLhCzUOTHTqBn0" columnName="RAScope"/>
	<field sqlTypeColumnSize="255" displayName="RAFrequency" autoIncrement="false" minLength="0.0" description="" sortable="true" type="String" repeated="false" allowedFilterOperators="LT,LTE,EQ,GTE,GT,STARTS_WITH,IN,NOT_IN,NE,NOT_STARTS_WITH,CONTAINS,NOT_CONTAINS" required="false" writableAfterSave="true" sqlType="VARCHAR" unique="false" name="RAFrequency" unsigned="false" calculated="false" foreignKey="false" key="FnCKydMPZfSA4GUN" columnName="RAFrequency"/>
	<field sqlTypeColumnSize="255" displayName="RALead" autoIncrement="false" minLength="0.0" description="" sortable="true" type="String" repeated="false" allowedFilterOperators="LT,LTE,EQ,GTE,GT,STARTS_WITH,IN,NOT_IN,NE,NOT_STARTS_WITH,CONTAINS,NOT_CONTAINS" required="false" writableAfterSave="true" sqlType="VARCHAR" unique="false" name="RALead" unsigned="false" calculated="false" foreignKey="false" key="sHqK2Q6oQA8Ia5kr" columnName="RALead"/>
	<field displayName="Last RA Date" autoIncrement="false" description="" sortable="true" type="Date" repeated="false" allowedFilterOperators="LT,LTE,EQ,GTE,GT,IN,NOT_IN,NE" required="false" writableAfterSave="true" sqlType="TIMESTAMP" unique="false" name="LastRADate" unsigned="false" calculated="false" foreignKey="false" key="tLX68aqryflfSbyV" columnName="LastRADate"/>
	<field displayName="Next RA Date" autoIncrement="false" description="" sortable="true" type="Date" repeated="false" allowedFilterOperators="LT,LTE,EQ,GTE,GT,IN,NOT_IN,NE" required="false" writableAfterSave="true" sqlType="TIMESTAMP" unique="false" name="NextRADate" unsigned="false" calculated="false" foreignKey="false" key="QpzGeZDMsncV71BX" columnName="NextRADate"/>
	<field sqlTypeColumnSize="1" displayName="GPM Approval" autoIncrement="false" description="" sortable="true" type="Boolean" repeated="false" allowedFilterOperators="EQ,IN,NOT_IN,NE" required="false" writableAfterSave="true" sqlType="TINYINT" unique="false" name="GPMApproval" unsigned="false" calculated="false" foreignKey="false" key="yG4JelDZxmrIDtpl" columnName="GPMApproval">
		<defaultValue>
			<value>false</value>
		</defaultValue>
	</field>
	<field displayName="GPM Approval Date" autoIncrement="false" description="" sortable="true" type="Date" repeated="false" allowedFilterOperators="LT,LTE,EQ,GTE,GT,IN,NOT_IN,NE" required="false" writableAfterSave="true" sqlType="TIMESTAMP" unique="false" name="GPMApprovalDate" unsigned="false" calculated="false" foreignKey="false" key="95hy4GY7j5XlAbDy" columnName="GPMApprovalDate"/>
	<field sqlTypeColumnSize="1" displayName="GPO Approval" autoIncrement="false" description="" sortable="true" type="Boolean" repeated="false" allowedFilterOperators="EQ,IN,NOT_IN,NE" required="false" writableAfterSave="true" sqlType="TINYINT" unique="false" name="GPOApproval" unsigned="false" calculated="false" foreignKey="false" key="InxQUtF7acb1L3mL" columnName="GPOApproval">
		<defaultValue>
			<value>false</value>
		</defaultValue>
	</field>
	<field displayName="GPO Approval Date" autoIncrement="false" description="" sortable="true" type="Date" repeated="false" allowedFilterOperators="LT,LTE,EQ,GTE,GT,IN,NOT_IN,NE" required="false" writableAfterSave="true" sqlType="TIMESTAMP" unique="false" name="GPOApprovalDate" unsigned="false" calculated="false" foreignKey="false" key="vfOJbIQFyN0dPjQR" columnName="GPOApprovalDate"/>
	<field displayName="Process Fk" autoIncrement="false" description="" sortable="true" integer="false" type="Number" repeated="false" allowedFilterOperators="LT,LTE,EQ,GTE,GT,IN,NOT_IN,NE" required="false" writableAfterSave="true" sqlType="INT" unique="false" name="process_fk" unsigned="false" calculated="false" foreignKey="true" key="jLgLVQsLO1XYhTGS" columnName="process_fk"/>
	<permission event="ON_CREATE"/>
	<permission event="ON_LOAD"/>
	<permission event="ON_SAVE"/>
	<permission event="ON_DELETE"/>
	<dataSource key="yG3RlMbI2vOxf3n8NSOfFSREGt94d0vh_default" name="RiskAssessment" type="QUERY" scope="UNSCOPED" modelKey="yG3RlMbI2vOxf3n8NSOfFSREGt94d0vh" pageSize="100" where="" isDraft="false" sortAsc="true" autoLoad="true"/>
	<dataSource key="1SYzWb6rErCiFTXE4VDH5uMsHKqbXdaR" name="RiskAssessmentByID" type="QUERY" scope="UNSCOPED" modelKey="yG3RlMbI2vOxf3n8NSOfFSREGt94d0vh" pageSize="100" where="RAID = :RAID" isDraft="false" sortAsc="true" autoLoad="false">
		<parameters>
			<property name="RAID" type="Number" isNull="true"/>
		</parameters>
		<wherePathMapping namePath="RAID" keyPath="NOxcZFMpuKlzdp1q"/>
	</dataSource>
	<dataSource key="oMcCt42JeoOWKTTyuQ433NaU9gN3scpN" name="RiskAssessmentByProcessID" type="QUERY" scope="UNSCOPED" modelKey="yG3RlMbI2vOxf3n8NSOfFSREGt94d0vh" pageSize="100" customQuery="return require('RiskAssessmentServer').getRiskAssessmentByProcessID(query.parameters.ProcessID);" where="" isDraft="false" sortAsc="true" autoLoad="false">
		<customProperties>
			<property key="DRnnl7ey" name="ProcessID" type="Number" category="Custom Properties" readonly="false" hidden="false" deprecated="false" experimental="false" designTime="false" persisted="true"/>
		</customProperties>
	</dataSource>
</model>