
<model key="sgT5TBwyTK6KKcuWMuVbI4RZmO4qIEy5" name="RiskDriver" description="" userIdFieldType="USER_ID" defaultDataSourceKey="sgT5TBwyTK6KKcuWMuVbI4RZmO4qIEy5_default" type="SPECKLE" ON_CREATEinheritsFromModel="true" ON_LOADinheritsFromModel="true" ON_SAVEinheritsFromModel="true" ON_DELETEinheritsFromModel="true" view="false" primaryKeyColumn="BdUNCRQI3rdao0mY" speckleInstance="" table="RiskDriver">
	<modelPermission modelPermission="model_permission" groupKeys="Users" active="true" adminAccess="true"/>
	<field displayName="Risk ID" autoIncrement="true" description="" sortable="true" integer="false" type="Number" repeated="false" allowedFilterOperators="LT,LTE,EQ,GTE,GT,IN,NOT_IN,NE" required="false" writableAfterSave="false" sqlType="INT" unique="false" name="RiskID" unsigned="false" calculated="false" foreignKey="false" key="BdUNCRQI3rdao0mY" columnName="RiskID"/>
	<field displayName="Process ID" autoIncrement="false" description="" sortable="true" integer="false" type="Number" repeated="false" allowedFilterOperators="LT,LTE,EQ,GTE,GT,IN,NOT_IN,NE" required="true" writableAfterSave="true" sqlType="INT" unique="false" name="ProcessID" unsigned="false" calculated="false" foreignKey="false" key="7Ehgrb6GqCDRaBUr" columnName="ProcessID"/>
	<field displayName="Creation Date" autoIncrement="false" description="" sortable="true" type="Date" repeated="false" allowedFilterOperators="LT,LTE,EQ,GTE,GT,IN,NOT_IN,NE" required="true" writableAfterSave="true" sqlType="TIMESTAMP" unique="false" name="CreationDate" unsigned="false" calculated="false" foreignKey="false" key="KscxJLCsvIvaGcRO" columnName="CreationDate"/>
	<field sqlTypeColumnSize="255" displayName="Risk Driver Description" autoIncrement="false" minLength="1.0" description="" sortable="true" type="String" repeated="false" allowedFilterOperators="LT,LTE,EQ,GTE,GT,STARTS_WITH,IN,NOT_IN,NE,NOT_STARTS_WITH,CONTAINS,NOT_CONTAINS" required="true" writableAfterSave="true" sqlType="VARCHAR" unique="false" name="RiskDriverDescription" unsigned="false" calculated="false" foreignKey="false" key="3fw8flpooybiuSrS" maxLength="255.0" columnName="RiskDriverDescription"/>
	<field sqlTypeColumnSize="255" displayName="Risk Driver Likelihood" autoIncrement="false" minLength="0.0" description="" sortable="true" type="String" repeated="false" allowedFilterOperators="LT,LTE,EQ,GTE,GT,STARTS_WITH,IN,NOT_IN,NE,NOT_STARTS_WITH,CONTAINS,NOT_CONTAINS" required="true" writableAfterSave="true" sqlType="VARCHAR" unique="false" name="RiskDriverLikelihood" unsigned="false" calculated="false" foreignKey="false" key="c4oqbN4jApjwPXND" columnName="RiskDriverLikelihood">
		<possibleValues>
			<value>Low</value>
			<value>Medium</value>
			<value>High</value>
		</possibleValues>
	</field>
	<field sqlTypeColumnSize="255" displayName="Risk Driver Impact" autoIncrement="false" minLength="0.0" description="" sortable="true" type="String" repeated="false" allowedFilterOperators="LT,LTE,EQ,GTE,GT,STARTS_WITH,IN,NOT_IN,NE,NOT_STARTS_WITH,CONTAINS,NOT_CONTAINS" required="true" writableAfterSave="true" sqlType="VARCHAR" unique="false" name="RiskDriverImpact" unsigned="false" calculated="false" foreignKey="false" key="3WUI78LHuevbxd7o" columnName="RiskDriverImpact">
		<possibleValues>
			<value>Low</value>
			<value>Medium</value>
			<value>High</value>
		</possibleValues>
	</field>
	<field sqlTypeColumnSize="255" displayName="Risk Driver Category" autoIncrement="false" minLength="0.0" description="" sortable="true" type="String" repeated="false" allowedFilterOperators="LT,LTE,EQ,GTE,GT,STARTS_WITH,IN,NOT_IN,NE,NOT_STARTS_WITH,CONTAINS,NOT_CONTAINS" required="true" writableAfterSave="true" sqlType="VARCHAR" unique="false" name="RiskDriverCategory" unsigned="false" calculated="false" foreignKey="false" key="c24Xh6tKMKLvL4fN" columnName="RiskDriverCategory">
		<possibleValues>
			<value>Financial</value>
			<value>Operational</value>
			<value>Reputational</value>
			<value>Legal / Complicance</value>
		</possibleValues>
	</field>
	<field sqlTypeColumnSize="255" displayName="Risk Driver Sub Category" autoIncrement="false" minLength="0.0" description="" sortable="true" type="String" repeated="false" allowedFilterOperators="LT,LTE,EQ,GTE,GT,STARTS_WITH,IN,NOT_IN,NE,NOT_STARTS_WITH,CONTAINS,NOT_CONTAINS" required="true" writableAfterSave="true" sqlType="VARCHAR" unique="false" name="RiskDriverSubCategory" unsigned="false" calculated="false" foreignKey="false" key="QQwrc1T2xneIjb1p" columnName="RiskDriverSubCategory"/>
	<field sqlTypeColumnSize="255" displayName="Financial Impact" autoIncrement="false" minLength="0.0" description="" sortable="true" type="String" repeated="false" allowedFilterOperators="LT,LTE,EQ,GTE,GT,STARTS_WITH,IN,NOT_IN,NE,NOT_STARTS_WITH,CONTAINS,NOT_CONTAINS" required="true" writableAfterSave="true" sqlType="VARCHAR" unique="false" name="FinancialImpact" unsigned="false" calculated="false" foreignKey="false" key="5rhlcFOTNnp0Q4ZT" columnName="FinancialImpact">
		<possibleValues>
			<value>Low</value>
			<value>Medium</value>
			<value>High</value>
		</possibleValues>
	</field>
	<field sqlTypeColumnSize="255" displayName="Operational Impact" autoIncrement="false" minLength="0.0" description="" sortable="true" type="String" repeated="false" allowedFilterOperators="LT,LTE,EQ,GTE,GT,STARTS_WITH,IN,NOT_IN,NE,NOT_STARTS_WITH,CONTAINS,NOT_CONTAINS" required="true" writableAfterSave="true" sqlType="VARCHAR" unique="false" name="OperationalImpact" unsigned="false" calculated="false" foreignKey="false" key="5xLngTpb2eVQzQbE" columnName="OperationalImpact">
		<possibleValues>
			<value>Low</value>
			<value>Medium</value>
			<value>High</value>
		</possibleValues>
	</field>
	<field sqlTypeColumnSize="255" displayName="Reputational Impact" autoIncrement="false" minLength="0.0" description="" sortable="true" type="String" repeated="false" allowedFilterOperators="LT,LTE,EQ,GTE,GT,STARTS_WITH,IN,NOT_IN,NE,NOT_STARTS_WITH,CONTAINS,NOT_CONTAINS" required="true" writableAfterSave="true" sqlType="VARCHAR" unique="false" name="ReputationalImpact" unsigned="false" calculated="false" foreignKey="false" key="4tJP3SaXjwcc54oz" columnName="ReputationalImpact">
		<possibleValues>
			<value>High</value>
			<value>Medium</value>
			<value>Low</value>
		</possibleValues>
	</field>
	<field sqlTypeColumnSize="255" displayName="Legal Compliance Impact" autoIncrement="false" minLength="0.0" description="" sortable="true" type="String" repeated="false" allowedFilterOperators="LT,LTE,EQ,GTE,GT,STARTS_WITH,IN,NOT_IN,NE,NOT_STARTS_WITH,CONTAINS,NOT_CONTAINS" required="true" writableAfterSave="true" sqlType="VARCHAR" unique="false" name="LegalComplianceImpact" unsigned="false" calculated="false" foreignKey="false" key="rS4FtZpeoB5Wqj2h" columnName="LegalComplianceImpact">
		<possibleValues>
			<value>Low</value>
			<value>Medium</value>
			<value>High</value>
		</possibleValues>
	</field>
	<field sqlTypeColumnSize="255" displayName="Inherent Risk Rating" autoIncrement="false" minLength="0.0" description="" sortable="true" type="String" repeated="false" allowedFilterOperators="LT,LTE,EQ,GTE,GT,STARTS_WITH,IN,NOT_IN,NE,NOT_STARTS_WITH,CONTAINS,NOT_CONTAINS" required="false" writableAfterSave="true" sqlType="VARCHAR" unique="false" name="InherentRiskRating" unsigned="false" calculated="true" foreignKey="false" key="d9gcX6vfQCfSs6V6" columnName="InherentRiskRating">
		<possibleValues>
			<value>Low</value>
			<value>Medium</value>
			<value>High</value>
		</possibleValues>
	</field>
	<field sqlTypeColumnSize="255" displayName="Control Effectiveness" autoIncrement="false" minLength="0.0" description="" sortable="true" type="String" repeated="false" allowedFilterOperators="LT,LTE,EQ,GTE,GT,STARTS_WITH,IN,NOT_IN,NE,NOT_STARTS_WITH,CONTAINS,NOT_CONTAINS" required="false" writableAfterSave="true" sqlType="VARCHAR" unique="false" name="ControlEffectiveness" unsigned="false" calculated="true" foreignKey="false" key="IKO4UXbbfyhNBMIe" columnName="ControlEffectiveness">
		<possibleValues>
			<value>Low</value>
			<value>Medium</value>
			<value>High</value>
		</possibleValues>
	</field>
	<field sqlTypeColumnSize="255" displayName="Residual Risk Rating" autoIncrement="false" minLength="0.0" description="" sortable="true" type="String" repeated="false" allowedFilterOperators="LT,LTE,EQ,GTE,GT,STARTS_WITH,IN,NOT_IN,NE,NOT_STARTS_WITH,CONTAINS,NOT_CONTAINS" required="false" writableAfterSave="true" sqlType="VARCHAR" unique="false" name="ResidualRiskRating" unsigned="false" calculated="true" foreignKey="false" key="jSjYbkZ7DjdF6YlM" columnName="ResidualRiskRating">
		<possibleValues>
			<value>Low</value>
			<value>Medium</value>
			<value>High</value>
		</possibleValues>
	</field>
	<field displayName="Risk Creation Date" autoIncrement="false" description="" sortable="true" type="Date" repeated="false" allowedFilterOperators="LT,LTE,EQ,GTE,GT,IN,NOT_IN,NE" required="true" writableAfterSave="true" sqlType="DATETIME" unique="false" name="RiskCreationDate" unsigned="false" calculated="false" foreignKey="false" key="F1sJIC4tIqaov0do" columnName="RiskCreationDate"/>
	<field displayName="Process Fk" autoIncrement="false" description="" sortable="true" integer="false" type="Number" repeated="false" allowedFilterOperators="LT,LTE,EQ,GTE,GT,IN,NOT_IN,NE" required="false" writableAfterSave="true" sqlType="INT" unique="false" name="process_fk" unsigned="false" calculated="false" foreignKey="true" key="E0lv8Q9UqSSx7wNC" columnName="process_fk"/>
	<permission event="ON_CREATE"/>
	<permission event="ON_LOAD"/>
	<permission event="ON_SAVE"/>
	<permission event="ON_DELETE"/>
	<dataSource key="sgT5TBwyTK6KKcuWMuVbI4RZmO4qIEy5_default" name="RiskDriverByProcessId" type="QUERY" scope="UNSCOPED" modelKey="sgT5TBwyTK6KKcuWMuVbI4RZmO4qIEy5" pageSize="100" where="ProcessID = :ProcessID" isDraft="false" sortAsc="true" autoLoad="true">
		<parameters>
			<property name="ProcessID" type="Number" isNull="true"/>
		</parameters>
		<wherePathMapping namePath="ProcessID" keyPath="7Ehgrb6GqCDRaBUr"/>
		<binding sourceExpression="query.parameters.ProcessID" targetExpression="@datasources.gp7behK46aJ5rfg4p3vMM4ShxIR6mERl.properties.xuSY4Iwl" targetLiteralExpression="@datasources.ProcessInfoByID.properties.ProcessID"/>
	</dataSource>
</model>